id,domain,status,purchase_price,renewal_price,attractiveness,demand,length,registrar,created_at,expires_at,status_verified_at
8c785e52-981e-4601-9e12-cf38959d668d,accoute.red,available,9.48,28.48,medium,low,10,namecheap,,,
3fb8fa10-bb6a-4e56-8a38-8160c8893d46,blacki.sh,available,34.98,76.98,medium,low,8,namecheap,,,10/08/2026 12:03
a2af8574-8398-494d-8143-ee3f62587e44,grop.ing,premium,187.5,187.5,medium,low,7,name.com,,,20/08/2026 20:18
22cd4a53-cc89-4a7b-9071-8acf9c269db7,blast.ing,premium,3900,3900,high,low,8,namecheap,,,16/09/2026 02:52
4bc90e9d-4bd2-4a98-9d10-ff7f2ecd9b46,flemi.sh,available,34.98,76.98,high,low,7,namecheap,,,18/08/2026 07:56
d8f82ecf-b023-420f-9e02-2dd4fcf54b4e,threadfi.sh,available,39.99,47.99,medium,low,10,namesilo,,,18/09/2026 04:49
26d76424-5775-4144-8fbc-77cda5af5806,shap.ing,premium,845,845,high,low,7,namecheap,,,10/09/2026 05:59
32ec0721-34f3-4cf7-a694-915b9e4f8379,plann.ing,premium,3750,,high,low,8,name.com,,,
d2bf870e-15c9-4f4e-bc9c-89c72676540c,deaden.ing,available,12.98,16.98,medium,low,9,namecheap,,,10/08/2026 19:57
7d57123a-3cd6-4356-89da-02a1947ea7a9,snoozeti.me,available,,,high,high,10,,,,
9ac296fb-5d74-4f27-b021-4241ec6c2450,aflo.at,available,,,high,low,6,,,,
cb373cb5-9a25-4212-9109-8fa633611908,pulsebe.at,available,,,high,high,9,,,,
91b573d3-e590-438a-87d9-8fe1fddd621c,chas.ing,premium,1300.2,1690,medium,low,7,unstoppable,,,28/09/2026 21:45
92a8dd08-a43d-4b8c-a0af-beeaa72257e0,starr.ing,premium,3105.2,3105.2,medium,low,8,spaceship,,,28/09/2026 22:41
e17b9e32-40d6-40e6-9f85-78ac22245b8a,dog.fish,resell,,,high,medium,7,Dynadot Inc,19/07/2015 16:00,19/07/2028 16:00,28/09/2026 21:20
2a8e2a6e-915e-42d3-8ebd-cf78ab7c787c,nanoenzy.me,available,,,high,high,10,,,,
39b21917-8f36-43b7-be43-92d07405459c,griev.ing,premium,112.5,112.5,medium,low,8,name.com,,,09/08/2026 15:07
3827ecef-f137-41c6-b318-471aeadb8997,bloods.hot,available,51.99,51.99,medium,low,9,namesilo,,,10/08/2026 15:21
a3664a95-50ca-4c2d-91ae-10c727370b47,alphavir.us,available,5.98,10.98,medium,low,10,namecheap,,,18/09/2026 13:47
c537b7f9-5b68-4bc3-ba0a-75f01f41d10a,nonstero.id,available,14.19,20.75,medium,low,10,namesilo,,,03/09/2026 20:43
94bfa655-de0b-450a-a616-53803164d6e5,independence.day,premium,1034.17,1034.17,high,low,16,spaceship,,,28/09/2026 11:42
2115b190-f952-4789-88d2-86a33d73f1bb,f.law,resell,,,medium,low,4,,,,29/09/2026 00:57
03a0aea0-1cb7-4893-9510-ce7db12e8d6c,undy.ing,premium,112.5,112.5,medium,low,7,name.com,,,13/08/2026 20:04
17f06ac4-a906-4f75-997e-725fca2753fc,moorga.me,available,,,high,high,8,,,,
eafdfc7d-1233-4efa-b51e-cfa0a6f792da,comput.ing,premium,3900,3900,high,low,9,namecheap,,,19/09/2026 12:12
9e4d56dc-c2a6-40f7-b76a-b02cfd2110d2,bless.ing,premium,3750,3750,high,low,8,name.com,,,06/08/2026 09:29
9b0b6858-6a07-4a29-8aa1-b1ebe4139d7e,acade.my,resell,,,high,low,7,Webplus Digital Sdn Bhd.,01/07/2015 16:00,01/07/2027 16:00,26/09/2026 01:19
1ceff1f2-ae87-405d-999c-3432d542cbee,confid.ing,available,12.98,16.98,high,low,9,namecheap,,,12/08/2026 20:45
5b2a4fea-90bb-4f4c-b7ab-ecd309b31335,bigara.de,available,5.98,9.88,medium,low,8,namecheap,,,23/09/2026 15:03
8f80de21-ef4e-4414-95ba-be9075854665,brumo.us,available,5.49,7.99,medium,low,7,namesilo,,,11/08/2026 06:49
97a5f877-39e2-4050-baf4-3fe06ee5ee76,onionsk.in,available,7.95,7.95,medium,low,9,namesilo,,,18/08/2026 08:17
20725191-0536-4be8-9eb6-0724f4c08a01,writ.ing,premium,10350.2,10350.2,high,low,7,spaceship,,,28/09/2026 23:21
97330776-74a6-4679-812c-7f87e24279f5,insectivoro.us,available,,,high,high,13,,,,
a56d2493-c10c-46e7-b938-8a38634afd4b,whipp.ing,premium,112.5,112.5,medium,low,8,name.com,,,22/08/2026 20:12
192702bc-8400-4a1c-bf29-aacdf94b1593,hir.ing,premium,,,high,low,6,,,,28/09/2026 08:27
947a6927-2334-4c2d-9b53-f3e80f3132a5,whisper.ing,premium,3900,3900,high,low,10,namecheap,,,13/09/2026 11:38
f0c7fea9-5edb-407f-83f4-961aaa76eb82,exp.at,available,,,high,high,5,,,,
eb8d4ca9-a36c-453c-b3bd-bb975bc0bbaf,celeri.ac,available,34.99,47.99,medium,low,8,namesilo,,,19/09/2026 17:33
e31f614d-cfa7-4543-a25f-cb715f773983,s.training,premium,512,512,medium,low,9,namesilo,,,10/09/2026 21:43
66067ee8-5395-48dd-8c64-d86cc8858668,sopp.ing,available,12.98,16.98,medium,low,7,namecheap,,,14/09/2026 14:30
b987bf36-a755-4495-89a7-d507ef0bc8e2,nemoro.us,available,,,high,high,8,,,,
90e7d77a-e8bd-47d7-bd76-4155b7a54b02,assag.ai,available,99.99,99.99,medium,low,7,namesilo,,,20/09/2026 15:41
cdb5a503-cb47-4d95-bffb-11242a25d53f,pedalbo.at,available,,,high,medium,9,,,,
a08e9dae-0d13-403d-8715-42100347b702,leer.ing,premium,1690,1690,medium,low,7,namecheap,,,25/09/2026 05:58
8110cbcb-6e4b-40f7-ac9b-73519a48669c,kinu.so,available,,,high,high,6,,,,
bf2dafea-faf2-4a74-aec2-f32f2f0fd6aa,miss.ing,premium,13000,13000,high,low,7,namecheap,,,27/09/2026 03:56
0fdb7485-4bcb-4aa4-9bec-1c95662509cf,redw.ing,premium,195,195,high,low,7,namecheap,,,17/09/2026 16:57
f94b002a-c439-4b14-882d-e305d14f392b,sin.us,resell,,,high,high,5,"eNom, LLC",24/04/2002 14:11,23/04/2027 23:59,26/09/2026 09:02
8ed6d8fd-1fce-4d5b-92c8-f7d77b469332,generat.ing,premium,437.5,,medium,low,10,name.com,,,
aac87763-ded8-4bba-850b-e9c8a0d4bc0b,dash.ing,premium,3750,3750,high,medium,7,name.com,,,28/09/2026 01:44
10436a32-69b5-4ffa-9e78-5df5cc5f7c30,pea.green,premium,1035.2,1035.2,high,low,9,spaceship,,,28/09/2026 15:03
75cb5a1f-b721-4379-a214-0a6eb6579f8e,fini.sh,resell,,,high,low,6,Porkbun LLC,05/12/2022 20:35,05/12/2026 20:35,26/09/2026 06:05
f287b08e-a004-4f18-b8f2-78c7a2b72261,carot.id,available,22.98,25.98,high,low,7,namecheap,,,11/08/2026 19:33
883d83ed-72ea-4cec-993e-6375dd64ab28,bitew.ing,available,12.98,16.98,medium,low,8,namecheap,,,23/09/2026 22:28
970ddf73-d9c0-4016-9a0c-662530bd8f6d,squeak.ing,premium,195,195,medium,low,9,namecheap,,,24/09/2026 15:54
e4cccd27-800e-4f3f-ae4e-486ed403857c,orch.id,resell,,,high,low,6,,,,28/09/2026 20:03
a795b9df-313a-47d3-bd49-f7b20ba355fc,ambu.sh,resell,,,high,low,6,"NameCheap, Inc.",27/11/2018 10:11,27/11/2027 10:11,26/09/2026 03:50
eaa15e0c-6630-4bd5-a0d7-dc3acdba2c74,brood.ing,premium,112.5,112.5,medium,low,8,name.com,,,11/08/2026 05:52
0f229732-0cc5-41d1-9b34-e7c991515c49,rally.ing,premium,3900,3900,high,medium,8,namecheap,,,21/09/2026 19:55
b33ad777-08c7-48b4-96a8-619be8cd3e7b,slither.ing,premium,117,117,medium,low,10,namecheap,,,10/09/2026 11:07
f00bc753-e40e-4d0e-8070-e0e51711f34c,ba.la,resell,,,medium,low,4,,,,28/09/2026 22:20
5b3e68fe-6b11-4154-bc7a-827919df7c98,diffe.red,available,11.49,23.49,medium,low,8,namesilo,,,20/09/2026 05:03
c74264c2-5f08-42d2-a238-796110388e29,gracio.us,resell,,,high,low,8,"GoDaddy.com, LLC",25/04/2002 21:42,24/04/2027 23:59,26/09/2026 06:27
de5f4acd-ade7-4725-ba1b-0e1d8f28a9ad,bilirub.in,available,7.95,7.95,medium,low,9,namesilo,,,23/09/2026 15:56
b745fea8-f64f-43a9-ab08-bd8562aedfc5,reveal.ing,premium,3105.2,3105.2,high,low,9,spaceship,,,27/09/2026 13:41
c8e01efe-8d4f-45d0-a02b-bc1011451ca5,vo.id,resell,,,high,medium,4,,06/12/2019 08:28,,26/09/2026 10:02
00c980c4-2e23-4ba0-b3bc-1f39ecf2bb29,antiac.id,available,22.98,25.98,medium,low,8,namecheap,,,22/09/2026 05:47
20bbf81c-d07c-44a0-b2d7-a2792f8bb564,feve.red,available,9.48,28.48,medium,low,7,namecheap,,,18/08/2026 03:07
0eeccef8-b684-4757-b9af-8977248a3a2b,danc.ing,premium,3900,3900,high,low,7,namecheap,,,25/09/2026 04:44
db2d4eb3-9970-4dc7-81b4-997747a7ec00,olym.pics,resell,,,high,low,8,Porkbun LLC,15/04/2014 16:00,15/04/2027 23:59,26/09/2026 07:53
0d29e0b3-e0d4-463b-9802-405109304d9a,footl.ing,available,12.98,16.98,medium,low,8,namecheap,,,18/08/2026 03:30
d9790acf-6fd9-4f3e-a4d8-e0ea1f979695,s.hot,premium,6900,6900,high,low,4,namesilo,,,23/09/2026 13:53
8b903ec3-5ff4-4822-8554-ec88b5b27d67,worka.day,premium,73.75,73.75,high,low,8,name.com,,,17/08/2026 14:58
da7506d4-0605-4fed-8bfb-e654d5a6e9ea,gre.co,resell,,,high,high,5,Hello Internet Corp.,20/07/2010 18:00,19/07/2027 23:59,26/09/2026 06:29
b46ca457-32c6-42f3-9d06-f211502ad368,greyl.ag,available,89.99,79.99,medium,low,7,namesilo,,,19/09/2026 12:07
7d2ce13c-4387-4f87-805c-5ac7e6ec8e35,cheekb.one,premium,1107,1107,high,low,9,namesilo,,,13/09/2026 15:41
75cd88db-c63d-4283-822e-31db3fc73e74,inter.red,resell,,,medium,low,8,Automattic Inc.,10/03/2022 17:00,10/03/2028 17:00,26/09/2026 06:55
14bfa5e5-0d91-4896-8bee-24a80e3f8e9c,browbe.at,available,11.99,11.99,high,low,8,namesilo,,,11/08/2026 08:53
ea665352-f753-41ac-aa26-4f563ec08daf,roll.ing,premium,39000,39000,high,low,7,namecheap,,,27/09/2026 15:56
df69f670-250e-48a6-b7a6-10db810e597a,saucebo.at,available,,,high,high,9,,,,
84268f88-2a34-48d2-b4af-df7d9565040c,tripp.ing,premium,437.5,437.5,medium,low,8,name.com,,,23/08/2026 05:23
3e231686-ccfb-4752-bd7d-e9f3fd247e92,avaricio.us,available,5.49,7.99,medium,low,10,namesilo,,,07/08/2026 21:48
4bb622fc-9154-4ff9-a663-2fe81f5d7c87,decreas.ing,premium,437.5,437.5,medium,low,10,name.com,,,13/08/2026 22:12
c953009c-35e5-475a-8bb2-ab97b1eb2f55,val.my,premium,700.62,700.62,high,low,5,namesilo,,,27/09/2026 06:29
0be069fa-ced0-4ecf-b633-db653cca57e0,kerme.site,available,,,high,low,9,,,,
7463b783-ca69-4743-81a0-246b83803347,waistco.at,available,,,high,high,9,,,,
05f03730-2143-4b59-aae8-94de39e55c9f,rudderfi.sh,available,39.99,47.99,medium,low,10,namesilo,,,22/09/2026 01:07
bf27ae2c-0cc1-4128-b4a9-63af21b717a3,peninsu.la,resell,,,high,low,9,LA Domain Names,22/08/2020 08:12,22/08/2027 23:59,26/09/2026 08:05
5e2f9702-d565-423b-a759-8799e90edf4c,acidophilo.us,available,6.99,10.99,medium,low,12,name.com,,,
1fa03593-8ee9-46b3-8797-682c1f8587a5,archerfi.sh,available,39.99,47.99,medium,low,10,namesilo,,,20/09/2026 01:56
655510d6-cea9-402e-8a5e-39ff8ecec050,consol.ing,available,12.98,16.98,high,low,9,namecheap,,,12/08/2026 22:42
bf63d482-d53d-429e-a283-6a358873b385,sew.ing,premium,,,high,low,6,,,,28/09/2026 10:54
f43b5f48-76a3-4d4f-95ab-34d78b6910e6,eat.ing,premium,39000,39000,high,low,6,namecheap,,,08/09/2026 13:35
6eac8bfd-cb7e-4b17-86e6-22f5b632757d,stol.id,premium,212.48,20.06,medium,low,6,namesilo,,,21/08/2026 21:51
d468e34e-3dc6-40ed-b501-a162ca41be1f,stor.ing,premium,1300.2,,high,low,7,unstoppable,,,28/09/2026 02:45
e414d6f4-c19d-4d55-80aa-9def75d56b6f,dandyi.sh,available,59.99,99,medium,low,8,name.com,,,13/08/2026 17:03
a2b4d7eb-c062-4e1c-976b-5e8979c494c2,rapacio.us,available,5.49,7.99,medium,low,9,namesilo,,,15/08/2026 05:26
7fef0b9c-0ceb-4d9a-a879-1818435afa24,und.one,premium,1107,1107,medium,low,6,namesilo,,,25/09/2026 11:22
3f4d0e40-c572-4662-bd2c-6148f4110c25,graduat.ing,premium,117,117,low,low,10,namecheap,,,28/09/2026 12:36
f8685d6b-e140-4ccc-8cb6-f5ec406b86cd,comment.ing,premium,3900,3900,high,low,10,namecheap,,,24/09/2026 16:29
7ff3aefe-0104-4e5b-b8b9-1f3709e5279e,accumulat.io,available,44.99,59.99,high,low,11,name.com,,,
f1842969-5bc2-4a2d-bc9d-e8877615d1dd,countywi.de,available,5.99,5.99,high,low,10,namesilo,,,13/08/2026 03:48
6ced9ac3-ec89-4955-9609-5b9604f4e22b,sta.red,premium,650,650,medium,low,6,namecheap,,,18/09/2026 02:18
c7a199e5-481f-4ff6-a1b8-2510a6cc7aa5,nonreligio.us,available,,,high,low,12,,,,
334c6eaf-0637-416c-9c32-4cf8fd8b0fe3,varicel.la,available,27.99,27.99,medium,low,9,namesilo,,,24/09/2026 14:29
dd03d950-2c9f-4edc-b222-9e01e6b24cf9,noth.ing,premium,3900,3900,high,low,7,namecheap,,,25/09/2026 23:27
d379b52e-6b22-4591-9aeb-86fd323a3e22,incerta.in,available,7.95,7.95,low,low,9,namesilo,,,22/08/2026 01:10
0080435e-415b-4876-8a6e-d22388c8c6af,appeal.ing,premium,3105.2,3105.2,high,low,9,spaceship,,,28/09/2026 21:53
5da1999f-f035-431b-a796-f0aad3ad1210,rack.ing,premium,3900,3900,high,low,7,namecheap,,,27/09/2026 15:29
caaf7acd-980a-4bc2-86f6-987dbbdef76a,skat.ing,premium,3275.5,3275.5,high,low,7,porkbun,,,28/09/2026 03:06
09a0da3d-5ea7-41b0-8e46-3a4f4b6abcfa,myelo.id,available,14.19,20.75,medium,low,7,namesilo,,,03/09/2026 12:06
85db66b4-1208-48a5-92eb-332e6b3a0832,bruis.ing,premium,112.5,112.5,medium,low,8,name.com,,,11/08/2026 06:34
3c1d002f-af02-4a8c-8ab4-f27aef5c8065,oleaceo.us,available,5.49,7.99,medium,low,9,namesilo,,,04/09/2026 02:06
31b6bec8-d531-4e03-9e81-8c906f8c32bd,dat.ing,premium,37500,,high,low,6,name.com,,,
fbecb257-3f57-4ce5-a57a-db5ef50f9048,ferrobo.at,available,,,high,high,9,,,,
532788c8-b111-493b-b202-a0dd79807505,auro.us,resell,,,medium,low,6,"GoDaddy.com, LLC",22/03/2020 23:42,22/03/2028 23:42,26/09/2026 04:09
e817f1e8-d081-4e48-b6c3-4ea685496541,alg.id,premium,1451.03,20.06,medium,low,5,namesilo,,,
43932856-5025-4e39-8cdc-35afbb0ded58,tempestuo.us,available,,,high,high,11,,,,
a0c6fff1-2086-4cc4-a547-16abe9d0c6d4,kipl.ing,premium,,,high,medium,7,,,,29/09/2026 01:27
6f1c647a-1c07-4340-a0cd-d7fe547bdcc2,shin.ing,premium,13000,13000,high,low,7,namecheap,,,23/09/2026 11:49
75a38763-b6d9-4e04-ae5c-83fc94215b70,uppsa.la,available,27.99,27.99,medium,low,7,namesilo,,,28/09/2026 11:02
95afa695-ed60-4a73-8c63-5f23ff45d986,warn.ing,premium,10350.2,10350.2,high,low,7,spaceship,,,28/09/2026 03:18
c64475f6-4d73-46c6-b87d-5ae24d730867,zu.rich,resell,,,high,high,6,,,,29/09/2026 02:40
65f7908e-9a0d-4ac4-bd97-e44c69764813,assiduo.us,available,,,high,low,9,,,,
cd9e6871-13c1-41f3-ad6a-80b58f8147c5,ch.in,available,,,high,low,4,,,,
75380f5c-8280-4414-ae23-b7a8c82251fb,midchromoso.me,available,,,high,high,13,,,,
9e6ec5ab-dd7f-45bd-ba1e-f206458a550d,suici.de,resell,,,medium,low,7,,,,26/09/2026 09:23
307f21c2-24dc-46e2-a7ec-2e323832bd37,gluttono.us,resell,,,medium,low,10,"GoDaddy.com, LLC",13/02/2024 03:59,13/02/2027 03:59,26/09/2026 06:25
343b1464-7c23-4236-bb71-142561dd88c3,topco.at,available,,,high,high,7,,,,
c143101f-cca2-4be4-96b8-013f6a0e4dbf,uncu.red,available,9.48,28.48,medium,low,7,namecheap,,,12/09/2026 06:39
3702a67b-108a-4c32-8fcb-ed26026e6b79,impresar.io,resell,,,high,high,10,"GoDaddy.com, LLC",12/03/2011 01:47,12/03/2028 01:47,26/09/2026 06:49
605dbfc4-c5e9-413e-b603-69e89e7da686,stimulat.ing,premium,50.2,,high,low,11,unstoppable,,,28/09/2026 21:23
c72acd41-7130-4529-9381-1230f79d32ac,tann.ing,premium,1625,1625,high,low,7,name.com,,,22/08/2026 20:14
7ea5b2e7-ef65-4ac3-b435-3535816610c4,unsleep.ing,available,12.98,16.98,medium,low,10,namecheap,,,12/09/2026 20:02
3088ab23-b303-4e2f-86a4-812585651980,prospero.us,resell,,,high,low,10,Tucows Domains Inc.,01/06/2006 18:03,31/05/2027 23:59,26/09/2026 08:23
6e47bee9-2e9e-4d0a-9b00-4b3088ac3e6f,impos.ing,available,,,high,low,8,,,,
1cb53544-4f8b-4e70-b11e-829897879943,b.rent,premium,13800,13800,high,low,5,namesilo,,,28/09/2026 05:19
db3cad30-6c2c-41d0-89d8-b784c3b44aeb,slight.ing,premium,672.95,672.95,high,low,9,spaceship,,,27/09/2026 22:32
3718b160-07ce-4251-80d1-da2e370c04ed,anasar.ca,available,9.99,9.99,medium,low,8,namesilo,,,19/09/2026 03:14
8b8b33f8-266f-41d6-bb2d-65907eedad66,unpa.id,premium,212.48,20.06,medium,low,6,namesilo,,,
7d8ce946-30b5-41d7-a80e-06a8b7bc7931,ca.red,premium,1300,1300,medium,low,5,namecheap,,,25/09/2026 19:49
4a92cd55-c38f-47eb-8f96-83aa06067390,alhak.im,available,4.98,12.98,medium,low,8,namecheap,,,18/09/2026 00:38
34fd02a1-527e-43b9-a429-57fe1ef55828,foa.my,premium,470.31,671.88,high,low,5,name.com,,,11/08/2026 07:20
9d98e03c-73ec-48b5-85dd-f1f293a14978,browni.sh,available,34.98,76.98,medium,low,8,namecheap,,,11/08/2026 06:19
80fa6ee9-f5e7-41b1-a8e8-3c1bf2af6e03,outstand.ing,premium,455,455,high,low,11,namecheap,,,27/09/2026 06:10
8f6b4bc6-c1f9-4661-a711-5c012e24250f,whaleb.one,premium,1107,1107,medium,low,9,namesilo,,,21/09/2026 21:50
78375953-7409-4c91-aea4-a96d26c6aad8,flatter.ing,premium,187.5,187.5,high,low,10,name.com,,,18/08/2026 06:57
28222554-1f30-4043-85bb-67da4a0aca92,cutaneo.us,available,7.99,18.99,high,low,9,name.com,,,13/08/2026 12:54
bab75123-726e-4430-aa0b-4f2947877e25,manufactur.ing,premium,1300.2,1690,high,low,13,unstoppable,,,28/09/2026 04:36
e71609cb-5d3a-479d-8729-4ac311b83e54,bedd.ing,premium,3750,3750,high,low,7,name.com,,,22/09/2026 22:50
2b850b75-fbb2-4cea-818b-10328f57abca,boil.ing,premium,3000.2,3900,medium,low,7,unstoppable,,,29/09/2026 00:13
c2899cc4-0d49-4751-a4a4-5d9830d93fd0,faddi.sh,available,34.98,76.98,medium,low,7,namecheap,,,17/08/2026 20:33
de20ff9f-2b1c-4b8c-b7e1-22b5115929fc,outb.red,available,9.48,28.48,medium,low,7,namecheap,,,04/09/2026 19:03
888dac16-69ff-4d46-8dbf-0507210b9df8,acervul.us,available,5.49,7.99,medium,low,9,namesilo,,,16/09/2026 23:44
867ee574-e147-43d4-acab-665152880310,maclei.sh,available,34.98,76.98,medium,low,8,namecheap,,,20/09/2026 02:03
5d1a488b-27b7-4792-a7e8-b4e1e5079c57,cheeselicio.us,available,,,high,high,13,,,,
65c0ab36-5980-484b-ac10-5a68b73ff898,fungici.de,resell,,,medium,low,9,,,,26/09/2026 06:17
47921445-e4c8-46f4-b0bb-30f1e08c03e0,atlacomul.co,available,,,high,high,11,,,,
4a373b7d-d01c-49b7-b5b2-5d8a9d6c4f7e,fulso.me,available,9.99,19.99,medium,low,7,namesilo,,,11/08/2026 11:40
71d7b497-8f04-44e5-9456-ca6fd8d1a0c6,he.me,available,,,high,high,4,,,,
c0d8a77b-65a1-4eeb-af7e-3d8ba8525800,colou.red,available,9.48,28.48,high,low,8,namecheap,,,22/09/2026 20:29
fab7e9f5-ff14-41b1-bdaf-9cab31cd39f7,stunt.ing,premium,455,455,high,low,8,namecheap,,,28/09/2026 10:58
bd3a71c1-080f-43b1-8e53-3dcdef2b3d2f,cutt.ing,premium,3750,3750,high,low,7,name.com,,,13/08/2026 13:12
42131c52-34b5-45dd-9133-e78331d30c64,dimet.app,available,,,high,high,8,,,,
aa713c82-0129-41b5-8a01-b9028717f801,clang.ing,available,12.98,16.98,medium,low,8,namecheap,,,12/08/2026 09:31
dd4e2e0b-ae8c-42c2-8588-107b1d30628d,int.estate,premium,500,500,high,low,9,name.com,,,22/08/2026 08:24
e150d8b0-a5a8-43a4-a7db-3d0455762c91,misla.id,available,14.19,20.75,medium,low,7,namesilo,,,25/08/2026 01:30
dce44245-3bb2-4a36-9527-5711da7cead0,resto.red,resell,,,high,low,8,,,,28/09/2026 11:28
66b0ab58-e11d-46b8-a8aa-eff1eb79807e,athw.art,premium,20.65,83.3,medium,low,7,namesilo,,,13/09/2026 22:38
af866e78-7a0c-4f55-a2d4-9f60a83e8f7e,at.rip,premium,500,500,low,low,5,name.com,,,07/08/2026 14:33
bb26d520-6253-4079-8fe2-723cc22fd57c,dal.it,resell,,,high,high,5,,03/02/2000 00:00,25/01/2027 00:00,26/09/2026 05:24
75c1d8d2-e92b-4dd3-b567-d8328e86f9f3,welcom.ing,premium,195,195,high,low,9,namecheap,,,13/09/2026 10:14
d5d6d9b9-8fe8-48d8-9830-4c2dc784191b,target.ing,premium,,,high,low,9,,,,29/09/2026 03:22
e8057838-db21-4fe8-9598-f6587ed17a36,aflatox.in,available,9.98,11.98,medium,low,9,namecheap,,,17/09/2026 15:06
367c5d8d-727d-404d-8fdc-a0bdb2a27977,thw.art,premium,131.2,83.3,medium,low,6,namesilo,,,09/09/2026 08:15
459a426e-a096-4870-a951-76ec1a829895,fundamental.science,premium,5500,110,high,low,19,dynadot,,,28/09/2026 11:15
9846323f-8143-400d-b046-ed6252002d60,c.one,available,,,high,low,4,,,,
b3e8e378-430c-4821-ab77-9b6e1f3099e9,tep.id,premium,1451.03,20.06,medium,low,5,namesilo,,,20/08/2026 22:41
335658ef-f80e-418a-b726-ac88d0913792,ch.art,available,,,high,low,5,,,,
644dcda9-b4c9-4dc7-afa8-bc1be157148c,forgiv.ing,premium,117,117,high,low,9,namecheap,,,21/09/2026 14:52
a29858f8-e34d-42f1-a46d-298030a3bf2b,stripp.ing,premium,845,845,medium,low,9,namecheap,,,22/09/2026 05:59
0f293381-657b-4e2a-a5b7-b22a61610953,cater.ing,premium,,,high,low,8,,,,28/09/2026 18:37
f6c8283d-82f3-4343-81ac-1b79211edf12,d.ing,premium,103500.2,103500.2,medium,low,4,spaceship,,,28/09/2026 14:30
5aeab026-aa76-4d14-9a9e-024e94a7b65d,crackl.ing,premium,112.5,112.5,high,low,9,name.com,,,13/08/2026 04:27
b27409b5-2803-4490-9ce7-8446bf92fdfe,kumqu.at,available,,,high,high,7,,,,
2df2613d-a854-4414-a3a1-808dfae18e2b,si.de,resell,,,high,low,4,,,,27/09/2026 21:50
449651ee-6524-46cf-8cc0-e8102320dced,temper.ing,premium,195,195,high,low,9,namecheap,,,27/09/2026 04:28
07cf0557-5621-4410-8901-f0d8d78af505,semiconscio.us,available,,,high,high,14,,,,
da0163d9-81e4-41f1-b8ad-00c80c057d3f,d.eco,resell,,,high,low,4,101domain GRS Limited,13/06/2017 18:02,13/06/2027 18:02,26/09/2026 05:27
c78a0255-e429-44d5-b339-e61a0d3af22e,youthti.me,available,,,high,high,9,,,,
dae9fdf9-6260-4522-9226-8e37a72b03cd,antac.id,available,14.19,20.75,high,low,7,namesilo,,,22/09/2026 05:43
e475540e-c9c4-43f2-bb80-08d281bdaf29,pinki.sh,available,34.98,76.98,high,medium,7,namecheap,,,08/09/2026 19:46
92e3181f-a724-4c40-9494-a7803d77beb7,lepro.us,resell,,,medium,low,7,"Spaceship, Inc.",01/04/2026 11:06,01/04/2027 11:06,26/09/2026 07:12
f07a9c1a-6cd2-451f-8d95-6380cc052fab,act.ing,premium,30000.2,39000,high,medium,6,unstoppable,,,28/09/2026 18:03
03ff450c-80b3-452f-9a51-acd60aeca059,squamo.us,available,,,high,high,8,,,,
50838982-56ec-4621-a8a7-b55bd506795f,gran.dad,premium,161.25,,high,low,7,name.com,,,
12e8cf33-4829-42c1-b2e0-2ab894450bec,squatt.ing,premium,117,117,medium,low,9,namecheap,,,10/09/2026 17:35
282fc693-a2d8-4462-ba87-fbd89f9e1045,indigot.in,available,7.95,7.95,medium,low,9,namesilo,,,22/08/2026 03:05
05e665e2-b809-47ed-8eab-fd6ff4b04055,galbul.us,available,,,high,high,8,,,,
d494da02-93fb-4b97-9fd3-930e6f702979,springs.now,premium,103.7,103.7,medium,low,11,spaceship,,,27/09/2026 23:53
2beeddc8-2ed2-4f81-b8a3-85c607c605c4,s.ing,premium,125000,,high,low,4,name.com,,,
416942af-9fc1-460f-8963-0091984eb007,ferv.id,resell,,,medium,low,6,PT Jagat Informasi Solusi (int),29/08/2021 13:19,29/08/2027 23:59,26/09/2026 06:03
b48b3b55-8a8c-4022-aa55-4639ac57a207,unwill.ing,premium,117,117,medium,low,9,namecheap,,,12/09/2026 22:40
742c0f63-e220-41ba-b311-6d7bb093aad2,ve.in,available,,,high,low,4,,,,
084ba3bd-d7e4-4d3c-91b5-bfc722b7acf6,sizzl.ing,premium,195,195,high,low,8,namecheap,,,10/09/2026 09:17
ae6d7243-6a56-4f13-b597-3452ec7af557,bowf.in,available,9.98,11.98,medium,low,6,namecheap,,,18/09/2026 21:19
0fe0bd45-63e2-4770-8ac3-15fdccbcbee2,ag.ing,premium,39000,39000,high,low,5,namecheap,,,21/09/2026 22:40
0243e3a9-4524-4075-960d-2890a5a0a608,antonymo.us,available,5.49,7.99,medium,low,10,namesilo,,,05/08/2026 20:16
f465790e-53f8-415f-9b10-1916c14af652,pitch.ing,premium,3900,3900,high,low,8,namecheap,,,21/09/2026 02:42
c484b341-a21f-417c-8be2-aee4eef2391b,cumulo.us,resell,,,medium,low,8,"Spaceship, Inc.",01/04/2026 07:34,01/04/2027 07:34,26/09/2026 05:22
74c99304-86d9-43e7-8b2c-9e9706c57aae,lac.ing,premium,1690,1690,medium,low,6,namecheap,,,13/09/2026 11:13
97ad0864-d1e1-4a4c-8429-c637c04a5bb0,carang.id,available,22.98,25.98,medium,low,8,namecheap,,,11/08/2026 18:31
2016b10e-4c90-464e-b8a1-447eb2fe6e4a,salti.sh,available,34.98,76.98,high,medium,7,namecheap,,,09/09/2026 20:57
c343bf63-c176-4ac3-9bc6-ebb069373b2c,unnerv.ing,available,12.98,16.98,high,medium,9,namecheap,,,09/09/2026 12:23
0729963f-0913-47e6-8ae5-5f7c38bda5fd,vil.la,resell,,,high,low,5,,,,29/09/2026 00:41
56eb1246-ca69-4004-8092-903b95e3c429,numero.us,resell,,,high,low,8,"GoDaddy.com, LLC",25/04/2002 21:34,24/04/2027 23:59,26/09/2026 07:50
278458ce-5541-456b-81e3-d6740ba7121e,leav.ing,premium,3900,3900,high,low,7,namecheap,,,24/09/2026 22:37
e58d60dc-5a06-4d10-895f-29eb66e6201a,whites.now,available,25,31.41,high,low,10,porkbun,,,28/09/2026 16:57
7b3995b9-e58e-4d6e-b902-c5050981dedf,doloro.so,available,,,high,low,8,,,,
159f5178-2178-4d90-8656-2c99d29e2aee,ea.red,premium,1107,1107,medium,low,5,namesilo,,,14/08/2026 14:39
75422307-701c-42cf-a232-6c317dc2f3d2,abal.one,premium,1107,1107,medium,low,7,namesilo,,,16/09/2026 13:49
a029fddd-fb1a-4afc-b6d5-a2ec4edfaadc,pinocch.io,available,,,high,high,9,,,,
a14b5fac-731b-4351-981c-ad4090856b4d,kidnapp.ing,premium,195,195,medium,low,10,namecheap,,,25/09/2026 08:11
edba97b1-caeb-4871-93c6-d1cbc43628c6,aene.id,premium,212.48,20.06,medium,low,6,namesilo,,,17/09/2026 12:28
68bfc676-f55c-4593-b703-de9855754aa0,toy.ing,premium,3750,,high,low,6,name.com,,,
64790c09-9cb8-4545-8f0d-0729ff9cdc9b,mani.la,resell,,,high,low,6,Dynadot LLC,20/02/2008 11:59,20/02/2027 23:59,26/09/2026 07:24
10b3b637-88fc-4c8a-82df-d090360dc8de,bulg.ing,premium,112.5,112.5,medium,low,7,name.com,,,09/08/2026 13:41
d50ec718-0b22-42c4-a62e-0fc9873c8e49,terzet.to,available,39.98,39.98,medium,low,8,namecheap,,,
8478bdba-0f28-4762-a3c9-e8495c1fa5fa,conscientio.us,available,,,high,high,13,,,,
55916b36-ef27-425f-b50a-b7f8ccc258fd,scapho.id,available,14.19,20.75,medium,low,8,namesilo,,,03/09/2026 14:11
7e31ba40-ee96-4f33-8835-fe45a3e12011,doubl.ing,premium,112.5,,high,low,8,name.com,,,
dc492d42-2645-4e49-8128-440a348e1dc1,build.ing,premium,39000,39000,high,low,8,namecheap,,,24/09/2026 06:26
14ca85b8-9cd3-4436-b2da-e7d688c18cef,stertoro.us,available,5.98,10.98,medium,low,10,namecheap,,,10/09/2026 20:21
dbb16b08-ba2b-4515-ae17-df326af40e0f,torp.id,premium,212.48,20.06,medium,low,6,namesilo,,,14/08/2026 16:15
2a150ba5-7506-4e86-a8d4-9b0f3b1dd2ae,sitt.ing,premium,3105.2,3105.2,high,low,7,spaceship,,,27/09/2026 19:14
9319b42c-98ef-4cd2-9381-06dbde01295a,limit.ing,premium,3900,3900,high,low,8,namecheap,,,23/09/2026 19:42
0c74660b-5428-4bcc-87f4-1f34e1b00d65,basilisc.us,available,5.49,7.99,high,low,10,namesilo,,,22/09/2026 10:53
f6dd7501-9e2a-4e92-9ca5-75aeb2c4917b,ensu.ing,premium,112.5,112.5,medium,low,7,name.com,,,17/08/2026 09:51
bf622db6-6497-43c7-b2bc-6e65fad1dc2b,record.ing,premium,39000,39000,high,low,9,namecheap,,,24/09/2026 19:29
c45252d1-bacc-4d30-83ab-b313be3ebc93,salifero.us,available,5.98,10.98,high,medium,10,namecheap,,,09/09/2026 20:52
24570926-6db5-4de1-8cbc-7f47e11af679,a.in,available,,,high,low,3,,,,
7ca8e1ca-568c-4cea-818f-c7abfe63bebc,shutte.red,available,9.48,28.48,medium,low,9,namecheap,,,10/09/2026 07:21
f8ae83bb-85a9-47ec-83d0-3386c9a39186,devastat.ing,premium,50.2,,medium,low,11,unstoppable,,,28/09/2026 11:24
7f7a3a3f-09f0-4ada-9627-58a24d64ad97,lilt.ing,premium,112.5,112.5,high,low,7,name.com,,,23/08/2026 08:41
fbcfb1c4-3294-4d57-b6e3-7b3e9974a1f9,interbra.in,available,7.95,7.95,medium,low,10,namesilo,,,23/09/2026 11:55
afabf721-af04-4897-ba84-ae9942b9895f,villa.in,resell,,,high,low,7,InterNetX GmbH,16/02/2005 06:52,16/02/2027 06:52,29/09/2026 00:41
98167637-3a54-4a4c-b94a-c9a081862d88,exercis.ing,premium,112.5,,high,low,10,name.com,,,
4f8f0c92-7813-4a5e-a5ce-d92be84cfeab,tum.id,premium,1560,22.75,medium,low,5,namecheap,,,10/08/2026 18:05
83540489-7428-4f10-824b-a3b8315e2002,ci.pro,premium,3125,3125,high,high,5,name.com,,,
a1a86f38-beb8-4738-a969-5bc453208296,surviv.ing,premium,455,455,high,low,9,namecheap,,,11/09/2026 04:49
22376fe5-5f71-4fed-ace2-b5eab53b2e4b,rhizop.us,available,,,high,high,8,,,,
96a5f08a-a612-4a6e-8e77-2ec039f0087c,coal.black,available,15.73,51.95,high,low,10,spaceship,,,28/09/2026 01:38
e8acc3e9-4f67-4ca0-8dac-731b2f64ff27,foet.us,resell,,,high,high,6,"Spaceship, Inc.",15/06/2026 20:06,15/06/2027 20:06,26/09/2026 06:10
df1d93fd-92f9-4bb8-8299-bd6c9ffa3ab2,seago.ing,available,12.98,16.98,medium,low,8,namecheap,,,04/09/2026 00:24
82777b51-e50e-476f-b0c7-1134ec5282c2,houseco.at,available,,,high,high,9,,,,
7bc75529-5804-470e-8246-6ef73515560a,astre.us,resell,,,medium,low,7,Dominet (HK) Limited,27/04/2026 12:18,27/04/2027 12:18,26/09/2026 04:05
7665405f-efab-4d72-859f-38831b42bc86,soredifero.us,available,,,high,high,12,,,,
51cb8f34-95e3-433e-9afe-636b758f9b6e,troublo.us,available,5.98,10.98,medium,low,9,namecheap,,,11/09/2026 20:27
156ea8b4-9d16-46a5-b198-b0a6066478d9,campanu.la,available,27.99,27.99,high,low,9,namesilo,,,23/09/2026 06:05
03bdb5d2-0ef9-4d1c-896c-fbb4c61ea806,pump.ing,premium,12500,12500,high,low,7,name.com,,,25/09/2026 10:10
3b172fa4-6a33-49da-b759-1601f16d8c9e,uncenso.red,resell,,,medium,low,10,Dynadot Inc,17/04/2014 16:00,17/04/2027 16:00,26/09/2026 09:50
69ac5987-ebb2-4758-bb64-eec6e330fa2d,dollarfi.sh,available,34.98,76.98,medium,low,10,namecheap,,,20/09/2026 21:42
1a794f4a-a368-4754-a982-a2b96b4b78bf,pro.vision,resell,,,high,low,9,"Spaceship, Inc.",23/08/2015 16:00,23/08/2027 16:00,26/09/2026 08:24
d5ec05a4-f84e-447e-8c36-d39837507fcf,a.im,available,,,high,medium,3,,,,
c29a2ea9-0bb7-4526-b800-d764c50282ca,know.ing,premium,13000,13000,high,low,7,namecheap,,,25/09/2026 10:04
d0e00c42-d70e-4833-a02c-7b8670e34377,pucki.sh,available,34.98,76.98,medium,low,7,namecheap,,,21/08/2026 22:29
68704654-364d-4fd7-a24c-3bc7982149eb,chinquap.in,available,7.95,7.95,medium,low,10,namesilo,,,18/09/2026 10:57
6473f72d-d8ee-4ee8-998e-da86cce14175,glid.ing,premium,112.5,112.5,high,medium,7,name.com,,,10/09/2026 13:01
6243169b-b72f-4341-95a1-0228de26de26,roughi.sh,available,34.98,76.98,high,medium,8,namecheap,,,09/09/2026 19:01
eaa7f813-ae5f-47a8-a848-abb576552575,anem.one,premium,1107,1107,high,low,7,namesilo,,,19/09/2026 05:19
f76f5737-cb05-4a8c-8794-65513c0cb3f9,breathtak.ing,premium,62.5,,high,low,12,name.com,,,
a60fe963-8e05-4d55-a66c-abf21f0e2c12,modell.ing,premium,1625,,high,low,9,name.com,,,
ba74c012-6005-4eb8-84aa-6edaed7faf6c,my.space,resell,,,high,medium,7,Radix Technologies Inc. SEZC / CO Services Cayman Limited,07/01/2020 20:57,07/01/2027 23:59,26/09/2026 07:41
00691e3e-b93f-4488-94d4-985dd832441a,bawl.ing,available,12.98,16.98,medium,low,7,namecheap,,,23/09/2026 06:25
e5c57fdc-994b-4351-a174-c38e65b98568,tumultuo.us,resell,,,medium,low,10,"GoDaddy.com, LLC",03/05/2021 11:24,03/05/2027 11:24,26/09/2026 09:48
23c6e137-e7bb-4e3f-9a32-185e14faf8ca,paradisi.ac,available,28.98,76.98,high,high,10,namecheap,,,05/09/2026 01:46
a0e442e0-75ae-4e6c-8602-a4284f617fd8,com.ing,premium,39000,39000,high,low,6,namecheap,,,23/09/2026 15:31
6b13849e-cd70-474b-87e1-6b574c7dff3b,sluic.ing,available,12.98,16.98,medium,low,8,namecheap,,,10/09/2026 11:31
03e16437-2014-45a4-b9a7-3c5290030214,meticulo.us,resell,,,high,low,10,"GoDaddy.com, LLC",30/12/2021 10:28,30/12/2026 10:28,26/09/2026 07:32
7cfec551-feaa-42b1-aa24-bc8a19a2ec9e,hawki.sh,available,34.98,76.98,medium,low,7,namecheap,,,21/08/2026 01:38
afd8aea7-0423-47d9-9abc-00106546058c,nupr.in,available,7.95,7.95,medium,low,6,namesilo,,,17/09/2026 11:20
dd1e087a-9223-4217-ad55-cdb47b12e0ee,helianth.us,available,,,high,high,10,,,,
6a53031b-6927-4791-8e60-8428e536903a,coffeehous.ing,available,12.98,16.98,medium,low,13,namecheap,,,20/09/2026 21:09
6bb4e7a2-9747-4439-994a-b7fcfcd18f73,wast.ing,premium,195,195,medium,low,7,namecheap,,,21/09/2026 00:58
70683586-9ee7-4f2e-a670-7504ec191ffd,establi.sh,resell,,,high,low,9,"Sav.com, LLC",14/12/2022 20:17,14/12/2026 20:17,26/09/2026 05:53
9da2a9f3-fe51-4b8e-bde4-318cf3d0f554,androgeno.us,available,,,high,high,11,,,,
e4d70505-a85c-485c-828a-518f989f7d7f,briti.sh,resell,,,high,low,7,www.Names.plus,05/02/2018 10:13,05/02/2027 10:13,26/09/2026 04:37
c1c1ad5d-b4c8-4376-ac18-6de6eef39022,rid.ing,premium,12500,,high,low,6,name.com,,,
c190d4b0-dab9-43c3-af65-e33666eb89a6,ooz.ing,premium,195,195,medium,low,6,namecheap,,,04/09/2026 15:28
91046ec6-2716-4d04-8f6d-ca232d5596ad,carous.ing,available,12.98,16.98,medium,low,9,namecheap,,,08/08/2026 04:24
3173bd88-0204-4391-a5df-a270376fb760,franki.sh,available,34.98,76.98,medium,low,8,namecheap,,,18/08/2026 14:14
58e1b7b5-4db3-443f-8bc7-773ddece258b,anhydri.de,resell,,,medium,low,9,,,,26/09/2026 03:53
9e008a99-572c-46b8-9b64-8b6194fe10ba,nu.de,resell,,,high,low,4,,,,26/09/2026 07:50
17f0a0be-4097-4278-814d-f85098687f35,paludo.us,available,,,high,high,8,,,,
6d913853-05cc-4fd2-aa6a-ec8ade45de39,asi.de,resell,,,high,low,5,,,,28/09/2026 12:23
880bdd44-1e5e-40b5-9d90-03b616e0cc1b,throbb.ing,premium,117,117,high,low,9,namecheap,,,11/09/2026 14:47
e2ed28be-ce1a-429d-b37b-cece00eb6eee,ach.ing,premium,812.5,812.5,medium,low,6,name.com,,,
ebffeeae-f8ae-4e6f-be52-acdc52801a5f,inte.rest,premium,2047.5,2925,high,low,8,namecheap,,,08/09/2026 14:02
e7469fc3-61d2-4de7-9861-c1921b495a71,al.one,premium,10350,10350,high,low,5,namesilo,,,22/09/2026 01:57
0ebedd19-e66c-4628-9315-8215dd3bf8b3,ly.ing,premium,4200,4200,high,low,5,namecheap,,,
ba88f07d-4101-4ecf-830c-064c1f790f04,monestro.us,available,5.49,7.99,medium,low,10,namesilo,,,25/08/2026 04:32
7e0b723a-70cc-4c66-b8be-2d94b69acdad,narrowbo.at,available,,,high,high,11,,,,
6e4e9be7-42a5-436a-a47c-93d21a38c19b,basi.net,resell,,,medium,low,7,Gname.com Pte. Ltd.,19/07/2003 18:42,19/07/2027 18:42,26/09/2026 04:17
99aefda3-b8a5-4d5b-a2a1-6cbcf1b7556c,facilitat.ing,available,16.98,,medium,low,12,namecheap,,,
aa770897-acad-41f2-b710-d11ecaf9e986,abige.us,available,6.99,10.99,medium,low,7,name.com,,,
6427e3b5-c006-4037-a091-2cc1c306c906,armagn.ac,available,28.98,76.98,medium,low,8,namecheap,,,20/09/2026 06:29
d9dabee8-e58e-42c8-a617-1d67cfc0a6e1,gall.ing,available,12.98,16.98,high,low,7,namecheap,,,23/09/2026 15:42
b6adfe24-e607-4522-89be-00de9725c9ba,involv.ing,premium,812.5,,high,low,9,name.com,,,
ac708d58-c8a8-4e61-8310-80150d913284,fram.ing,premium,1419.68,1419.68,high,low,7,porkbun,,,29/09/2026 01:00
42da8049-5aac-469a-8920-ae2a0c5e6fda,agui.sh,available,34.98,76.98,medium,low,6,namecheap,,,
99618442-4ac4-4ee4-87ff-122f931142d4,rainco.at,available,,,high,high,8,,,,
4e5665d6-d25c-43b1-aaec-870d0248e648,turg.id,premium,221,22.75,medium,low,6,namecheap,,,10/08/2026 18:07
777b76cf-15d9-4416-90b5-d08fd4280551,longlast.ing,premium,62.5,,high,low,12,name.com,,,
4e3bdccc-ac00-434b-a7fc-098c2fdd324b,scar.red,resell,,,medium,low,7,"NameCheap, Inc.",17/04/2014 16:00,17/04/2027 16:00,26/09/2026 08:50
8ee69377-cd13-4e8a-b984-cb76ce4999b0,invest.ing,premium,31050.2,31050.2,high,low,9,spaceship,,,28/09/2026 02:40
1b39d47a-f908-4085-bfae-182e263551c5,comfort.ing,premium,3900,3900,high,low,10,namecheap,,,24/09/2026 16:25
8ac9258a-4b3c-47ab-a072-f21cbb5cf237,hik.ing,premium,3000.2,,high,low,6,unstoppable,,,29/09/2026 01:18
7b92cd41-c53c-4f76-b7c3-be85ba163e95,ca.me,premium,250000.1,26.99,high,low,4,name.com,,,
0e829cf1-744a-4a95-a16b-593c4bc02a82,ammoni.ac,available,28.98,76.98,medium,low,8,namecheap,,,
a6a5c8c1-41a7-456d-82c9-43042b46eda3,playact.ing,available,12.98,16.98,high,low,10,namecheap,,,
b86b8a9f-7ff4-4286-b0ce-0d423bd75b1a,surround.ing,premium,3900,3900,high,low,11,namecheap,,,24/09/2026 07:28
0ed9caa8-d1e3-4150-b450-ac8838b6b8d7,armil.la,available,32.98,41.98,medium,low,7,namecheap,,,20/09/2026 07:02
c7b2807b-5e6e-413c-856c-f9eeba8b4fc3,invad.ing,premium,62.5,62.5,medium,low,8,name.com,,,22/08/2026 02:12
0ecf004c-ced2-4e0e-a9c0-9665fc931013,rabb.it,resell,,,high,low,6,,27/01/2024 09:00,27/01/2027 00:00,26/09/2026 08:27
76718826-e29d-4a57-8975-e65091b8fd61,labou.red,available,9.48,28.48,medium,low,8,namecheap,,,22/08/2026 17:40
20877e9a-dbed-464b-a5f6-213eb178a774,w.ink,premium,17250,17250,high,low,4,namesilo,,,22/09/2026 22:05
30c003ed-a7a3-4c98-8ff4-00ebabf72611,bring.ing,premium,3900,3900,high,low,8,namecheap,,,25/09/2026 05:59
176913cc-2401-4138-8012-359ccba78dc9,unlette.red,available,9.48,28.48,medium,low,10,namecheap,,,21/08/2026 18:33
1d8c540f-75b7-402f-a538-3a880acd29a4,bio.tech,resell,,,high,low,7,Namify Domains Inc,02/04/2019 14:11,02/04/2029 23:59,26/09/2026 04:26
34279751-0938-4c4f-85ea-ffb99bcf2ee2,spatte.red,available,14.99,29.99,medium,low,9,name.com,,,13/08/2026 15:15
d32c9419-0f70-4d1d-897e-8c1f3a8eb7a6,sm.army,premium,242,242,medium,low,6,namesilo,,,11/08/2026 11:46
44462087-6aa2-4e57-8fca-290392f93d5a,kampa.la,available,32.98,41.98,medium,low,7,namecheap,,,24/09/2026 12:28
00e11350-7e82-403f-bcf1-cadeede0577b,famo.us,resell,,,high,low,6,"NameCheap, Inc.",09/07/2006 18:05,08/07/2027 23:59,26/09/2026 06:00
b7f1105b-3b3a-4f85-95df-392d36d278aa,bo.one,premium,10350,10350,high,low,5,namesilo,,,25/09/2026 01:56
66a8034a-2327-4466-9475-0e006e220639,watchti.me,available,,,high,high,9,,,,
a6da5046-769b-40eb-8ba2-49e16f820525,t.one,available,,,high,low,4,,,,
37c06303-9264-4920-bece-ce411f0cbb45,acidophil.us,available,5.49,7.99,high,low,11,namesilo,,,17/09/2026 01:56
b0ded443-dca8-4b0f-8305-bcd7d6f7545d,peste.red,available,9.48,28.48,medium,low,8,namecheap,,,21/08/2026 00:13
b57bc439-4f90-4451-bc40-55346abdd7b6,yearl.ong,available,18.98,24.98,medium,low,8,namecheap,,,13/09/2026 14:24
cc279869-6d02-40fa-b05e-227f2a5c2eba,c.love,premium,13800,13800,high,low,5,namesilo,,,24/09/2026 16:05
0789f100-eadd-4ced-be51-e118778bd519,lett.ing,premium,1690,1690,high,low,7,namecheap,,,09/09/2026 14:21
705d60a4-8edf-4feb-8a82-5715e1163c8d,silverbu.sh,available,39.99,47.99,medium,low,10,namesilo,,,19/09/2026 14:04
e3993d10-5923-4143-9b52-c243eb02557e,energis.ing,available,12.98,16.98,high,low,10,namecheap,,,17/08/2026 06:43
19e4542c-cc42-4161-8839-735c775f9da5,recove.red,resell,,,high,low,9,"Sav.com, LLC - 20",09/09/2022 17:00,09/09/2027 17:00,26/09/2026 08:32
6f865c50-281c-4544-8012-356e1543d96f,unalte.red,available,9.48,28.48,medium,low,9,namecheap,,,12/09/2026 00:30
1f0be198-9ba5-4876-9528-bc20b2543992,plac.ing,premium,362.45,362.45,medium,low,7,spaceship,,,28/09/2026 21:04
a6805460-16ae-414a-b232-9a84ce0b9faa,fac.ing,premium,3750,,high,low,6,name.com,,,
90f8ae08-1ca6-43c1-8c40-8f6bbaabf102,de.luxe,resell,,,high,low,6,"GoDaddy.com, LLC",22/01/2021 23:54,22/01/2027 23:54,26/09/2026 05:29
96c32cfb-b1c9-4a21-9d38-7e2246e1d7fc,shiver.ing,premium,195,195,high,medium,9,namecheap,,,10/09/2026 06:40
2728834d-9594-4d35-bf2c-9721c1ae54ac,respect.ing,premium,3900,3900,medium,low,10,namecheap,,,24/09/2026 21:15
4ff71ce9-bde0-40bd-8907-d0f7a653e63e,stag.ing,premium,3275.5,3275.5,high,low,7,porkbun,,,28/09/2026 20:22
9308b64e-2168-4403-bb3f-c6ded1b49fff,reth.ink,resell,,,high,low,7,Atom.com Domains LLC,19/12/2021 06:53,19/12/2027 23:59,26/09/2026 08:39
1e5ffe13-0fe3-4784-b687-b8089d5f3715,urethrato.me,available,,,high,high,11,,,,
fec70f39-5bfc-4b33-a091-989faca5594a,grann.us,available,,,high,high,7,,,,
1f348ca9-be3a-4731-ab07-d69a0261004d,lean.ing,premium,3750,3750,high,low,7,name.com,,,22/08/2026 22:04
3fea36a4-1bd1-4fb4-a319-c8da96911be7,madden.ing,premium,812.5,812.5,medium,low,9,name.com,,,17/08/2026 15:55
18398fcb-87b8-49bb-abbe-372143556078,licentio.us,available,5.49,7.99,medium,low,10,namesilo,,,23/08/2026 00:56
666e0ea1-a1da-4d0b-8eb0-eae390ec11c3,loa.my,premium,476.29,680.41,medium,low,5,name.com,,,24/08/2026 08:15
a593da50-ad3e-4b94-9c54-1a941440115c,unutte.red,available,9.48,28.48,medium,low,9,namecheap,,,12/09/2026 09:47
a4ef117e-98c6-4482-9588-c66f46b064f4,defin.ing,premium,812.5,812.5,high,low,8,name.com,,,10/09/2026 06:00
bb93e252-065c-4cff-9578-7363a49172c2,bagg.ing,premium,117,117,medium,low,7,namecheap,,,21/09/2026 18:06
8c0958c9-39d6-4693-8050-25b6f3764f55,cancero.us,available,5.49,7.99,medium,low,9,namesilo,,,11/08/2026 16:33
279ba77a-183f-415c-be1a-2e4bba131c3d,jackfru.it,resell,,,high,low,9,,02/09/2024 16:00,02/09/2027 00:00,26/09/2026 06:58
2f9da216-5123-45cf-8b47-63f5bb7f42dc,preach.ing,premium,155.45,155.45,high,low,9,spaceship,,,28/09/2026 15:35
c5a64a7a-ba16-44b1-8807-4f9f95398afe,homecom.ing,premium,1300.2,,high,low,10,unstoppable,,,28/09/2026 19:27
be9fa901-eecc-458d-8abb-9f26b80ed33b,adap.id,resell,,,low,low,6,PANDI Registrar,20/06/2023 04:49,20/06/2027 23:59,26/09/2026 01:22
ccfc06fd-c90a-4135-8128-ebeadbda1c98,unhampe.red,available,9.48,28.48,medium,low,10,namecheap,,,12/09/2026 11:51
c271174a-05a6-4e0b-897e-852c365fbd8d,inju.red,resell,,,high,low,7,"GoDaddy.com, LLC",17/04/2014 16:00,17/04/2027 16:00,26/09/2026 06:52
c1deaabb-2023-4874-b8ec-ee548a5f94af,unlock.ing,premium,3105.2,3105.2,high,medium,9,spaceship,,,28/09/2026 11:10
7f676e3e-7675-4093-9f41-8997bf595f4f,arh.at,resell,,,high,low,5,InterNetX GmbH ( https://nic.at/registrar/80 ),,,26/09/2026 03:59
f636d147-64ea-47be-bcbc-b71c8b8ff7ac,arch.ing,premium,3900,3900,medium,low,7,namecheap,,,22/09/2026 07:38
9e3b916c-bed7-4d8f-a8c2-a4430a87d2d6,fil.my,premium,471.2,673.15,high,low,5,name.com,,,12/08/2026 14:28
224b16c1-60cd-42e4-b379-d83ee0e0a4dd,huf.fish,available,14.99,56.99,medium,low,7,name.com,,,21/08/2026 14:38
7236d537-9fb7-4b6b-81b2-5e0feacddb7e,ceil.ing,premium,3900,3900,high,low,7,namecheap,,,24/09/2026 13:23
84a7dc19-2d77-4ae9-9f14-5bf3731fd3e6,lands.at,resell,,,high,low,7,,,,28/09/2026 04:27
b4412c01-47d6-4be5-ac95-1624da470ee5,tomboyi.sh,available,34.98,76.98,medium,low,9,namecheap,,,21/08/2026 14:32
c35d9a6b-d6bd-4d4e-be76-928a64eb5199,learn.ing,premium,31050.2,31050.2,high,low,8,spaceship,,,28/09/2026 22:07
8f0f5528-3f4c-49dd-81e8-03807c8f25cd,beginn.ing,premium,3750,3750,high,low,9,name.com,,,09/08/2026 09:06
3ae31605-1b70-4f8a-b193-0b1c8ecb3d1d,t.rent,premium,13800,13800,high,low,5,namesilo,,,25/09/2026 10:26
57f0e7e9-c920-4d5a-a0b1-3cecfb5d4752,knitt.ing,premium,1300.2,,high,low,8,unstoppable,,,29/09/2026 01:31
5ce30d7d-d58a-436b-93d8-cfa9762e0862,reced.ing,premium,117,117,high,low,8,namecheap,,,09/09/2026 11:16
9e25cf31-04b6-40b1-afd8-2926a51d6883,doxep.in,available,7.95,7.95,medium,low,7,namesilo,,,17/09/2026 06:25
50ba1423-f5fc-4115-b208-a1ced637e7b2,encounte.red,available,11.49,23.49,low,low,11,namesilo,,,28/09/2026 23:17
bc8ff9d3-2ac3-49d9-acdc-13b7e4dfb5a1,conque.red,available,11.49,23.49,medium,low,9,namesilo,,,28/09/2026 23:05
14787673-d75a-4477-830a-8ac504b2b7bb,oa.fish,premium,82.5,82.5,medium,low,6,name.com,,,10/08/2026 19:32
304760c0-874b-4087-9042-7f976975522e,dropp.ing,premium,437.5,437.5,high,low,8,name.com,,,14/08/2026 19:47
0a41360e-8018-4822-9ccd-558536729cf3,anhydro.us,available,5.49,7.99,medium,low,9,namesilo,,,
687a3485-720f-4d78-b83e-b987cd6bf9a8,sa.mba,resell,,,high,low,5,Dynadot Inc,16/11/2017 22:46,16/11/2026 22:46,26/09/2026 08:48
dd92b35a-6b85-4147-8842-59806257e3e2,luci.us,resell,,,high,low,6,"GoDaddy.com, LLC",18/03/2020 00:50,18/03/2028 00:50,26/09/2026 07:20
b9f57b34-04b8-4d84-8b97-1eb6605adedf,alha.kim,available,12.99,23.49,medium,low,8,namesilo,,,18/09/2026 00:38
a7a59e8c-8d56-4b98-89c9-6aa867cb658b,tugbo.at,available,,,high,high,7,,,,
adf10981-0482-4fb0-8fa0-baa86cb08e50,hilario.us,resell,,,high,low,9,Gandi SAS,25/04/2002 14:21,24/04/2028 23:59,26/09/2026 06:40
312003af-5732-43f4-90e0-12cc068d752d,scum.my,premium,236.77,338.25,medium,low,6,name.com,,,
dcd9f072-aa15-4e4f-bd06-3db3e6496e81,gam.my,premium,474.3,677.57,medium,low,5,name.com,,,18/08/2026 20:04
688d3de4-0209-4fee-87b7-6977e32e1b74,napp.ing,premium,117,117,high,low,7,namecheap,,,03/09/2026 13:07
4a07da9c-6662-41e5-a4e2-932019a07888,re.in,available,,,high,low,4,,,,
6b6bc832-1c84-47a0-8145-1523a23e1bb1,rustl.ing,available,12.98,16.98,high,low,8,namecheap,,,03/09/2026 11:20
2ab094cb-d4c8-40e0-a93c-1d6d75935244,align.ing,premium,1625,1625,medium,low,8,name.com,,,
d98b363b-006e-45de-874f-5c4a62adfa5d,hol.la,resell,,,high,low,5,TLD Registrar Solutions Ltd,17/06/2003 01:00,17/06/2027 23:59,26/09/2026 06:41
83feddea-a33b-4fe6-aff8-7b9550950561,requi.red,resell,,,high,low,8,Porkbun LLC,10/02/2021 13:31,10/02/2027 13:31,26/09/2026 08:37
230e7e40-4649-4570-96f6-60568d03443b,upcom.ing,premium,3750,3750,high,low,8,name.com,,,06/08/2026 08:39
90705bca-e7d5-470b-aaf9-13a6d1fb5f22,return.ing,premium,10350.2,10350.2,high,low,9,spaceship,,,27/09/2026 13:35
dbe7984e-0c49-4028-864e-5e3a95475a8b,recount.ing,available,12.98,16.98,medium,low,10,namecheap,,,11/09/2026 10:26
ab6d0483-32da-41bb-a9dd-047a9c343912,visc.id,premium,212.48,20.06,medium,low,6,namesilo,,,20/08/2026 15:23
0718dd87-8ce0-4337-8805-e5806c10e585,overjoyo.us,available,,,medium,low,11,,,,
981d55f0-9c7d-4af5-a367-8e31b389279a,pai.red,resell,,,high,low,6,Porkbun LLC,17/04/2014 16:38,17/04/2032 16:38,26/09/2026 08:00
121cc493-f741-4969-b1ff-a10487da876e,copu.la,available,27.99,27.99,medium,low,6,namesilo,,,13/08/2026 00:42
26f4d33a-f178-40fa-9ccc-257ccc73f35c,coltau.co,available,36.98,,high,high,8,namecheap,,,
b5ddf34f-7fb1-4c17-b43c-d35090da8a7e,apode.me,available,10.98,23.98,medium,low,7,namecheap,,,19/09/2026 18:17
47f87f90-0511-4748-9c56-1e41a1e3b02d,unti.red,available,9.48,28.48,medium,low,7,namecheap,,,12/09/2026 21:29
c0d822b4-4159-48ee-9430-94035620364e,refus.ing,premium,117,117,low,low,8,namecheap,,,17/09/2026 15:40
1cb45651-2eeb-497c-a70e-9c1697c8a5a0,offspr.ing,premium,672.95,672.95,high,low,9,spaceship,,,28/09/2026 11:24
5342cac2-62f1-440c-af09-9ab739b1f2de,conspect.us,available,,,high,high,10,,,,
ba1f8904-7cab-49c1-89b4-2496a5f9b999,diminish.ing,available,16.98,,medium,low,11,namecheap,,,
7ff5acf0-1e73-4ffb-81dc-f1efc9eae74a,xantho.us,available,5.49,7.99,medium,low,8,namesilo,,,13/09/2026 14:00
c2198922-f210-430d-9a67-9b6e84981bc2,incurio.us,available,5.49,7.99,medium,low,9,namesilo,,,22/08/2026 02:08
747b2518-4b23-49c7-8cc5-4bbe46044617,unstar.red,available,9.48,28.48,medium,low,9,namecheap,,,12/09/2026 01:15
1d873954-d10d-4335-9edb-8c7e49f609f7,aw.ing,premium,3750,3750,medium,low,5,name.com,,,08/08/2026 00:34
52a95058-e62f-478c-a778-5a03ed4a26c3,banderil.la,available,32.98,41.98,medium,low,10,namecheap,,,22/09/2026 01:12
62144e4d-6bfc-4e7c-9124-cca9b5a6d1ab,somes.ing,available,16.98,,medium,low,8,namecheap,,,
1a345fc9-0d09-4ab2-aae0-952e1ba210a2,ri.me,premium,25000.01,27.99,high,low,4,name.com,,,21/08/2026 10:08
1ec3ba84-9543-483b-a464-c90ef1c68a1a,uncar.ing,available,12.98,16.98,medium,low,8,namecheap,,,12/09/2026 00:02
96540f98-368e-4267-b61a-5ed4f405f01a,laps.ing,available,12.98,16.98,medium,low,7,namecheap,,,09/09/2026 16:15
22597574-2bfa-4ae2-b505-35e96e8c3cda,ab.asia,premium,1107,12.98,medium,low,6,namesilo,,,16/09/2026 14:05
ac0500ba-e5d8-41a1-b19a-cbeb0bab42ba,in.date,available,,,medium,low,7,,,,
0eb090d4-3800-4eab-803a-ea103ef42b54,s.at,available,,,high,low,3,,,,
b73709dc-d2bf-424f-8c0d-b0802e22e4d9,wir.ing,premium,3750,,high,low,6,name.com,,,
b9243861-b894-4c10-bac7-04617b2dd4dc,re.store,premium,2587.7,10350.2,high,low,7,spaceship,,,28/09/2026 01:17
8fc0e73a-79ef-432e-8218-0ed827534a97,ribb.ing,available,12.98,16.98,medium,low,7,namecheap,,,11/09/2026 10:01
a775fdb3-2012-4b97-83b4-d9e4b4d607d8,tinkl.ing,available,12.98,16.98,medium,low,8,namecheap,,,11/09/2026 16:13
a1e5951c-879f-4fbc-b2e5-e2d85949b43d,matu.red,available,9.48,28.48,medium,low,7,namecheap,,,18/08/2026 17:58
eb874032-62c5-4ba0-a5ad-2a2207117f33,reward.ing,premium,3105.2,3105.2,high,low,9,spaceship,,,27/09/2026 14:47
31aba96a-92d6-4758-82f6-c26b4ecaa206,q.tips,resell,,,medium,low,6,"GoDaddy.com, LLC",31/05/2025 12:50,31/05/2027 12:50,26/09/2026 08:26
5ba1e6db-5918-4223-9b88-c81771cb27b8,accord.ing,premium,13000,13000,high,low,9,namecheap,,,16/09/2026 22:54
311ed2d6-9ad0-4d5d-aaff-02ec075ea07e,explor.ing,premium,,,high,low,9,,,,28/09/2026 15:59
b0796ff6-8fc3-48f5-a7e0-7b61254cd31b,unselfconscio.us,available,,,high,high,15,,,,
8e181e72-bd5a-4d51-a2eb-f16ae7f7a88e,ripen.ing,premium,112.5,112.5,high,low,8,name.com,,,
0b2a9953-faf7-454e-907b-7ee7aeef3032,nonwarti.me,available,,,medium,low,10,,,,
1875d9fd-42ff-4814-abf2-90100da6cda6,repell.ing,available,12.98,16.98,medium,low,9,namecheap,,,14/08/2026 10:43
36bbce9f-e784-4bcc-ba96-dc586adcf5e1,arcel.la,available,27.99,27.99,medium,low,7,namesilo,,,20/09/2026 01:41
364d9ae6-3517-44e5-9e5f-9ca133f42135,siliceo.us,available,,,high,medium,9,,,,
41453179-3a8f-4c9c-80dc-86b7fba667d4,jul.io,resell,,,high,low,5,101domain GRS Limited,27/05/2009 18:58,27/05/2027 18:58,29/09/2026 03:04
b38daccf-3fb8-4b50-896b-1bd4a32a90d4,ris.ing,premium,3750,3750,high,low,6,name.com,,,
cff7c94d-cec2-49c0-9dc3-15b4232fb7cd,maximis.ing,available,12.98,16.98,high,low,10,namecheap,,,24/08/2026 17:58
7d9bb4b6-27d2-4368-9a66-c4e58d8103dc,alec.to,resell,,,high,low,6,Tonic,01/10/2023 02:27,01/08/2028 00:00,28/09/2026 16:21
27df5485-7280-4bff-a991-8b8a0902869d,schoolwi.de,available,5.99,5.99,medium,low,10,namesilo,,,09/09/2026 23:18
9539f553-a63d-4f4f-b9e9-86f610c1bcb2,unexcit.ing,available,12.98,16.98,medium,low,10,namecheap,,,12/09/2026 09:32
d89d04ea-40bd-480a-8902-8b01ef3b4b05,advertis.ing,premium,1690,1690,high,low,11,namecheap,,,28/09/2026 04:51
aa2226e1-1595-4f2e-bb56-31fa7ad031fa,guid.ing,premium,437.5,437.5,high,low,7,name.com,,,14/08/2026 08:49
0f98e7a3-9a85-4fa6-be0c-b3d7fbed1e50,sta.id,premium,1451.03,20.06,medium,low,5,namesilo,,,10/09/2026 01:34
3e9fd6c7-40e3-40a6-ba50-6e8a92681493,litheso.me,available,10.98,23.98,high,low,9,namecheap,,,24/08/2026 01:12
f8d88d8f-a2c6-401c-98f7-1d8ee3daa93f,ai.red,resell,,,high,low,5,"Spaceship, Inc.",21/06/2024 03:22,21/06/2027 03:22,26/09/2026 01:27
eecb3803-fc61-4643-8f46-48d85194bfed,ariocarp.us,available,5.49,7.99,medium,low,10,namesilo,,,20/09/2026 05:32
bc80f1d6-9d69-415e-93a0-e538889d0b06,barthol.in,available,7.95,7.95,medium,low,9,namesilo,,,22/09/2026 09:14
43499531-a39d-4b54-9ef7-7fe7b826040b,re.place,resell,,,high,low,7,Dynadot Inc,26/11/2016 10:28,26/11/2026 10:28,28/09/2026 01:47
89a16a16-68a1-456d-99bd-0f295838d90d,ail.ing,premium,195,195,high,low,6,namecheap,,,17/09/2026 21:06
9c1e173c-1814-4c60-ac49-856cce19c29a,cyber.space,premium,13800,13800,high,low,10,namesilo,,,28/09/2026 08:02
dced3332-bc5e-424a-8ce2-4af87334e5d8,loneso.me,resell,,,medium,low,8,,,,28/09/2026 21:14
d8561c6f-4542-441a-8c89-aab99032e3c9,albu.la,available,27.99,27.99,medium,low,6,namesilo,,,18/09/2026 03:24
d1e4630f-0d67-467e-9b33-de9b5019af9f,assum.ing,premium,437.5,437.5,medium,low,8,name.com,,,07/08/2026 08:16
8d236601-2ca1-4832-805a-07e2413464a9,punctu.red,available,9.48,28.48,medium,low,9,namecheap,,,08/09/2026 16:56
0c2346a2-4c24-44e6-823e-83ca43365663,endoveno.us,available,,,medium,low,10,,,,
92848e17-456e-48c6-bee9-854bc566b95a,agrono.my,premium,350.31,350.31,medium,low,8,namesilo,,,17/09/2026 19:42
52ac49d9-39f1-49db-bf98-17873921ae53,aeschyl.us,available,5.49,7.99,medium,low,9,namesilo,,,17/09/2026 13:19
0ae9be53-6970-4e23-a773-6010c3cbe09a,v.at,resell,,,high,low,3,"GoDaddy.com, LLC ( https://nic.at/registrar/693 )",,,26/09/2026 09:56
7567651c-21be-4dac-9a55-292afde2d7de,want.ing,premium,12500,,high,low,7,name.com,,,28/09/2026 10:19
10213aa4-8058-4ea2-ac3c-50169707605e,arcti.id,available,14.19,20.75,medium,low,7,namesilo,,,20/09/2026 02:47
a3ec1a6f-1e75-4a87-921b-310e37c7678f,animalivoro.us,available,,,high,high,13,,,,
aafede42-5484-49d2-828a-79c5dfee3a36,behead.ing,premium,195,195,medium,low,9,namecheap,,,23/09/2026 03:20
db9dd890-887a-4618-8cff-84b3024d6358,think.ing,premium,39000,39000,high,low,8,namecheap,,,28/09/2026 02:31
1de687b0-8fc0-4f60-8f2a-0d26f91609a6,deciduo.us,available,5.98,10.98,high,low,9,namecheap,,,13/08/2026 21:26
afa0434f-59b5-425f-8dcd-73ec3d88efb5,la.me,premium,36250.01,27.99,high,low,4,name.com,,,13/08/2026 07:03
6fe566b3-053a-44e1-b83a-9c0417dde935,acroso.me,available,9.99,19.99,medium,low,8,namesilo,,,17/09/2026 03:58
3df354df-b3ea-4a04-9b1a-12ecfc3a51d6,edify.ing,available,12.98,16.98,high,low,8,namecheap,,,15/08/2026 10:17
f1a5d632-8bb9-44e5-878b-3001ccd42a91,repe.at,resell,,,high,low,6,Hosting concepts B.V. / Registrar.eu ( https://nic.at/registrar/648 ),,,26/09/2026 08:36
162c7234-d425-4a70-821e-b84336824db2,polyglotto.us,available,,,high,high,12,,,,
65c8ab22-1542-4aef-ad46-656629ffaea2,agitat.ing,available,12.98,16.98,medium,low,9,namecheap,,,
2d44a35a-00be-41ff-8541-722bc729e26f,apoga.my,premium,245.31,350.44,medium,low,7,namecheap,,,19/09/2026 18:27
a4770ee8-c203-4004-9609-aac1d4052b8d,winterti.me,available,9.99,19.99,high,low,11,namesilo,,,
f1ab7433-9627-411b-b9a2-e21d55b68136,contermino.us,available,,,high,high,12,,,,
a0f8da0e-b831-4a30-9824-a130d8e47277,dampi.sh,available,59.99,99,medium,low,7,name.com,,,13/08/2026 16:41
7862da8f-8dfe-4c97-a6e7-e2249916c75f,merseybe.at,available,,,high,high,10,,,,
c0477d1e-8683-4466-8246-d5908d2b9467,puppyi.sh,available,34.98,76.98,high,medium,8,namecheap,,,09/09/2026 06:09
6369365a-619d-4e70-97d3-b789a199041b,sinte.red,available,9.48,28.48,medium,low,8,namecheap,,,10/09/2026 08:34
e005fa18-888b-4db4-a92c-f35984bff80c,refre.sh,resell,,,high,low,7,Dynadot Inc,17/08/2012 00:47,17/08/2028 00:47,26/09/2026 08:34
28a6ae1b-f8d0-4f47-9279-8e9b2a395091,analpha.bet,resell,,,medium,low,10,"GoDaddy.com, LLC",04/02/2026 16:55,04/02/2027 16:55,26/09/2026 03:51
3565769a-6ed5-4e28-b506-b55180c88102,iod.in,resell,,,medium,low,5,"NameSilo, LLC",12/05/2005 22:05,12/05/2027 22:05,26/09/2026 06:57
3d08218a-b567-40bc-8f2e-c0ab8bdaf070,litu.us,resell,,,high,low,6,Dominet (HK) Limited,27/04/2026 06:50,27/04/2027 06:50,26/09/2026 07:16
e1d786d4-8902-4c9a-9ed1-83a6c5a3e8d0,dextro.us,resell,,,high,low,8,"Spaceship, Inc.",01/04/2026 13:06,01/04/2027 13:06,26/09/2026 05:32
9aef181e-1c5d-474f-ac0d-375023527595,nonpara.site,available,,,high,high,11,,,,
06ae8acc-f64d-4d4d-9f3b-d21e495f6b47,nidifugo.us,available,5.49,7.99,medium,low,10,namesilo,,,03/09/2026 17:08
862c6a52-933a-44cf-b752-059ca1fbab46,nurs.ing,premium,3105.2,3105.2,high,low,7,spaceship,,,27/09/2026 11:56
8a8c9c8f-f175-488d-87c9-35645f5f6c49,biggi.sh,available,34.98,76.98,medium,low,7,namecheap,,,09/08/2026 20:33
6aa24de8-8503-4c9f-bf83-3c99399b11f1,flex.ing,premium,3900,3900,high,low,7,namecheap,,,23/09/2026 07:41
1be210cd-04f9-44b5-91a6-f3eaafc5da8b,shav.ing,premium,1345.7,1345.7,medium,low,7,spaceship,,,28/09/2026 20:07
0edff07a-c01c-4a6c-90e9-ce76a64b7b1e,forep.art,premium,20.65,83.3,medium,low,8,namesilo,,,18/08/2026 16:13
2df8ff47-0aac-4522-8cb6-b1143bcd2b62,unexpi.red,available,9.48,28.48,medium,low,9,namecheap,,,12/09/2026 09:38
fb3056e2-3a57-4768-9d97-f934085561af,bahre.in,available,7.95,7.95,high,high,7,namesilo,,,21/09/2026 18:44
ac2378a8-9b9d-4682-ae90-c2f293f0eacf,unf.it,resell,,,medium,low,5,,30/07/2009 10:17,16/07/2027 00:00,26/09/2026 09:51
87214831-0255-421c-baa7-4b27d17179c8,ba.boo,premium,648.7,648.7,high,low,5,namecheap,,,21/09/2026 12:51
0c44b63f-58ea-470c-94b2-5ddfee6880a4,swimm.ing,premium,3900,3900,high,low,8,namecheap,,,03/09/2026 12:48
f6243900-6ff0-4072-8f55-ff32fbe0d799,querulo.us,available,5.49,7.99,medium,low,9,namesilo,,,09/09/2026 08:33
1a733a48-eae6-4eb6-8528-c8baaf433690,annel.id,available,14.19,20.75,medium,low,7,namesilo,,,
428ab8eb-37e1-4203-a530-59b51aad237b,declin.ing,premium,112.5,,medium,low,9,name.com,,,
fd9ed340-98e4-47e8-8e3a-c8e23f28dcbc,vexatio.us,available,5.49,7.99,medium,low,9,namesilo,,,
cd525e68-4315-4629-a413-c28d1fb9de38,vicio.us,resell,,,medium,low,7,"GoDaddy.com, LLC",24/04/2002 15:57,23/04/2027 23:59,26/09/2026 09:59
a77c514b-732a-4f47-8df7-df90c9523a38,slippe.red,available,9.48,28.48,medium,low,9,namecheap,,,10/09/2026 10:59
db31a223-156d-45b8-aaa9-3fe9b47f732f,byg.one,premium,1107,1107,medium,low,6,namesilo,,,11/08/2026 12:06
3b3d798c-5009-4d58-8efd-1bfd8323bb1c,someth.ing,premium,3900,3900,high,low,9,namecheap,,,18/09/2026 13:24
10711f87-2912-45cc-89d9-03c8b4cdd395,piddl.ing,available,12.98,16.98,medium,low,8,namecheap,,,18/08/2026 03:33
d0ff6528-a5bd-472f-af0c-7b05a025f3c1,oncom.ing,premium,65,65,high,low,8,namecheap,,,04/09/2026 14:27
108e36fc-6954-47aa-8357-e1b48b3b5c4e,bov.id,premium,1451.03,20.06,high,medium,5,namesilo,,,10/08/2026 22:56
204739f5-6327-456f-af6f-1189e7f9a9bd,pa.rent,premium,3125,,high,low,6,name.com,,,
84493bdc-3975-4d12-8d46-ac18c9159cc8,st.ing,premium,3900,3900,high,low,5,namecheap,,,10/09/2026 20:46
2980e2ac-25d9-4a4d-b398-1da5167cbca5,goosefi.sh,available,39.99,47.99,medium,low,9,namesilo,,,18/09/2026 11:40
0043a662-7655-4024-a1de-5441ea32fedd,sens.ing,premium,1625,,high,low,7,name.com,,,
fb14d10a-7c2e-4cbe-b3b7-5bd8dee75b7d,wait.ing,premium,13000,13000,high,low,7,namecheap,,,27/09/2026 10:28
0b36b57f-4f63-4572-87e4-b6f1bd4e0ee1,underd.one,premium,1107,1107,medium,low,9,namesilo,,,12/09/2026 07:24
73cb5f49-e109-44cc-aecf-7996cf4f001d,atti.red,available,,,high,low,7,,,,
4e93b84d-8acf-4e47-a90e-a419c01d49e9,logroll.ing,available,12.98,16.98,medium,low,10,namecheap,,,23/09/2026 20:50
45309300-5b78-48a2-be62-d9318868f4a6,youngi.sh,available,34.98,76.98,medium,low,8,namecheap,,,13/09/2026 14:49
a900d71a-9ecf-434d-8756-6302bea7f843,sagg.ing,premium,187.5,187.5,medium,low,7,name.com,,,14/08/2026 19:45
2b98be86-7df9-471f-959b-9d4afc330177,jo.in,available,,,high,medium,4,,,,
380e15a0-a0e3-466e-8577-9155bcf89cef,hyalo.id,available,14.19,20.75,medium,low,7,namesilo,,,21/08/2026 16:08
8d2efb38-c1d7-4f0a-a305-d5f1e654629c,nanj.ing,premium,,,medium,low,7,,,,28/09/2026 10:29
57570818-1aa7-4050-8c50-daf12f8f1e96,baldach.in,available,9.98,11.98,medium,low,9,namecheap,,,21/09/2026 21:30
f47774e5-d283-4910-b7a9-a9a40682e967,clanni.sh,available,34.98,76.98,medium,low,8,namecheap,,,12/08/2026 09:35
9e646e71-b209-48cd-8895-5369a2e294f0,affect.ing,premium,13000,13000,high,low,9,namecheap,,,27/09/2026 05:35
ebcb0479-7ee1-47b8-b282-9dd6c9773a7e,umbilic.us,available,5.49,7.99,high,low,9,namesilo,,,23/09/2026 06:37
9191eeba-72cb-4d95-bbee-e1ac244f2eda,meritorio.us,available,,,high,high,11,,,,
1dd6f75b-1243-46dd-87f6-10da8c9a7643,de.co,resell,,,high,low,4,Hello Internet Corp.,25/02/2010 13:34,24/02/2027 23:59,26/09/2026 05:27
f61f1bbc-d11b-441d-b53c-72ef51b150a8,nam.ing,premium,13000,13000,high,low,6,namecheap,,,28/09/2026 16:26
af65cf2b-87e9-439a-97e4-8c70ecf34af2,hoydeni.sh,available,34.98,76.98,low,low,9,namecheap,,,21/08/2026 14:29
4204dd3a-57d7-4c22-b8ed-fd6eb0f262de,thyro.id,resell,,,high,low,7,PT Jagat Informasi Solusi (int),18/02/2026 07:27,18/02/2027 23:59,26/09/2026 09:37
365882bc-9601-492c-8362-4cd8d5694f99,sha.me,resell,,,high,low,5,PDR Ltd. d/b/a PublicDomainRegistry.com,09/08/2008 12:24,09/08/2027 12:24,26/09/2026 08:57
f8881c97-a00b-4eef-8479-c48c78adf9cd,anoma.la,available,27.99,27.99,medium,low,7,namesilo,,,19/09/2026 11:24
fa726b1a-3519-404c-bfe2-7cb1efacc1e9,aidone.us,resell,,,medium,low,8,"Spaceship, Inc.",02/04/2026 19:36,02/04/2027 19:36,26/09/2026 01:27
eff2b0b4-2fdf-4b83-9ea9-59fdfc0fc22f,catc.law,available,95.99,95.99,medium,low,7,namesilo,,,23/09/2026 23:59
f69a6bac-09f6-4e04-871e-ff6e83730c12,gorgeo.us,resell,,,high,low,8,"GoDaddy.com, LLC",24/04/2002 16:57,23/04/2027 23:59,26/09/2026 06:27
6c94aac9-9765-4676-8961-873f9e245905,recover.ing,premium,3900,3900,high,low,10,namecheap,,,23/09/2026 22:44
58dae6f1-8a5f-4186-ba4b-17416018124a,charg.ing,premium,,,high,low,8,,,,28/09/2026 04:40
423a7b2a-6973-449e-a71e-108a5eca7b74,a.social,available,,,medium,low,7,,,,
c05ca0f3-1083-4812-882c-7a4d90285fbc,engross.ing,available,12.98,16.98,high,low,10,namecheap,,,10/09/2026 19:54
c2b02a6d-3142-4c4c-8934-e5abfd8a2a5a,anatropo.us,available,5.49,7.99,medium,low,10,namesilo,,,
c1e418d3-87a2-4061-83dc-ddf11cd4b622,prehe.at,available,,,high,high,7,,,,
afc87269-bb45-4875-aca1-9acc87e6408c,abroco.me,available,9.99,19.99,medium,low,8,namesilo,,,16/09/2026 17:14
e1d84266-216f-422f-b5d8-6b249dbba750,th.at,resell,,,high,low,4,Instra Corporation Pty Ltd ( https://nic.at/registrar/535 ),,,26/09/2026 09:35
1559abc7-f7b8-4876-8047-ff8bedceb647,beetl.ing,available,12.98,16.98,medium,low,8,namecheap,,,09/08/2026 08:22
0334b3f4-4a6c-4ee9-88ea-bbeea3a838a6,democr.at,resell,,,high,low,8,"GoDaddy.com, LLC ( https://nic.at/registrar/693 )",,,26/09/2026 05:29
09258ad5-a147-4f15-ab72-a36623f5cc31,uncove.red,resell,,,high,low,9,"Sav.com, LLC - 44",27/11/2025 15:15,27/11/2026 15:15,26/09/2026 09:50
4b0d890a-9767-4f2e-8086-85cc4f8fa791,relax.ing,premium,3750,3750,high,low,8,name.com,,,27/09/2026 06:03
102d70cb-2fc5-4de4-8485-75a543cbec18,actino.id,available,14.19,20.75,medium,low,8,namesilo,,,
70cabf85-2768-49fe-87c3-ddc5721a23ff,de.voting,available,1398,1448,medium,low,8,namecheap,,,17/09/2026 17:04
0505c6b9-d8bb-456d-825d-680fe32356b3,insidio.us,resell,,,high,low,9,"NameSilo, LLC",28/12/2023 04:50,28/12/2026 04:50,26/09/2026 06:53
6e3109cc-5105-4df0-8deb-bece91f52d9c,bla.me,resell,,,high,low,5,Automattic Inc.,22/07/2020 01:05,22/07/2031 01:05,26/09/2026 04:28
2b383937-045e-4b09-beea-3c273fb900d0,dioecio.us,available,5.49,7.99,medium,low,9,namesilo,,,14/08/2026 08:20
78bae922-a61c-4932-bd59-f3f0a6b34e05,minceme.at,available,,,high,high,9,,,,
6390d41a-46fb-4df8-8737-1d69d83f54fe,bushme.at,available,,,high,high,9,,,,
a976307e-8012-402f-8088-c228fb402d12,blur.red,resell,,,medium,low,7,Porkbun LLC,06/07/2022 13:15,06/07/2027 13:15,26/09/2026 04:30
7ec2a559-0ad9-4d76-ad86-18277201510e,assign.ing,premium,1690,1690,high,low,9,namecheap,,,21/09/2026 02:19
eb4a8d5c-33b5-4e00-8bef-824952192722,newsbo.at,available,,,high,high,8,,,,
6207ea06-5c3d-4c27-8614-3056c71d7d7b,buzz.ing,premium,3900,3900,high,low,7,namecheap,,,25/09/2026 00:26
3e9a6fbd-e619-4113-b989-278f2fd14640,eform.at,available,,,high,low,8,,,,
23ad9bbc-4ffb-4d59-a242-01b89e0986a1,erod.ing,available,12.98,16.98,medium,low,7,namecheap,,,13/09/2026 09:08
bec64399-a6f3-4bfc-99f7-818cf8d3a3a4,o.zone,resell,,,high,high,5,Porkbun LLC,14/07/2024 15:15,14/07/2027 15:15,26/09/2026 07:59
a34bb687-dbc3-4c97-a1c7-a31e6420dd0d,fulg.id,premium,212.48,20.06,medium,low,6,namesilo,,,
0eb51a30-1c00-480f-88e2-fabab29fd1cf,johns.town,premium,,,medium,low,9,,,,28/09/2026 22:27
5b7e1c59-fcf3-430d-99b0-949a8e1dd1d1,ly.me,premium,23533.93,16.48,medium,low,4,spaceship,,,28/09/2026 21:33
9be25b0c-ce72-4144-bce3-2f87a3338213,splatte.red,available,14.99,29.99,high,low,10,name.com,,,13/08/2026 15:21
3fc214c8-c062-4445-856f-d29efc04d9d3,dor.my,premium,471.14,673.05,medium,low,5,name.com,,,14/08/2026 16:22
61bab4e6-0420-4e7d-be72-29537c1c7c0c,locat.ing,premium,195,195,high,low,8,namecheap,,,09/09/2026 00:10
a8ac23cd-b72d-4c75-bb2b-656925f5263a,unhinde.red,available,9.48,28.48,medium,low,10,namecheap,,,12/09/2026 11:55
155ebdee-f282-4d1a-9353-eb7b4eead434,cam.us,resell,,,high,low,5,Porkbun,24/04/2002 14:00,23/04/2027 23:59,26/09/2026 04:44
7d4080cb-926a-4710-bc22-b26309d41b43,ruman.sh,available,34.98,76.98,high,medium,7,namecheap,,,09/09/2026 18:32
c57e37b1-5da0-4736-b6ed-4e34ac3d6e31,rapa.city,premium,78.54,78.54,medium,low,8,namesilo,,,21/09/2026 08:45
2a600cd1-a5a0-4e7f-b3e1-090bb56e2ea2,inform.ing,premium,3900,3900,high,low,9,namecheap,,,16/09/2026 07:13
7b9e9bc0-eee0-45b4-a8b2-35bf00ba7889,spurt.ing,available,12.98,16.98,medium,low,8,namecheap,,,22/08/2026 13:13
eeb14c0c-dd37-4fd8-9529-bc2e370a091e,acrole.in,available,7.95,7.95,medium,low,8,namesilo,,,17/09/2026 03:46
8a27cf42-4542-4e05-8fef-3580b9d32d99,alni.co,premium,116,116,medium,low,6,namesilo,,,18/09/2026 12:50
c4317de8-befd-43a5-a7a3-6a9648c1f9e2,garfi.sh,available,39.99,47.99,medium,low,7,namesilo,,,23/09/2026 16:11
a455fa4a-00b0-4a42-ae10-f5cf8e37824e,colo.red,resell,,,high,low,7,Dynadot Inc,17/04/2014 16:00,17/04/2027 16:00,26/09/2026 05:07
d342ad52-3c6d-4b45-b88b-f70423e364b8,dis.co,resell,,,high,low,5,Dynadot Inc,24/08/2025 17:00,24/08/2027 23:59,26/09/2026 05:35
13db3c81-6a27-4906-8ff5-039b8c71bf66,solv.ing,premium,,,high,low,7,,,,29/09/2026 02:13
7b43456b-496c-450d-9fc5-36eb098dee8b,tw.at,resell,,,high,medium,4,Realtime Register B.V. ( https://nic.at/registrar/423 ),,,26/09/2026 09:49
08679d0c-fc87-43f5-9dc9-902aa6815065,ba.you,premium,3250,3250,high,low,5,namecheap,,,22/09/2026 18:09
2ef6f638-151a-48c1-8071-6a9d2a5339cb,hack.ing,premium,10350.2,10350.2,medium,low,7,spaceship,,,28/09/2026 12:39
0162f02e-b653-46e0-ab02-bc26eb0eb396,ber.ing,premium,1690,1690,high,low,6,namecheap,,,23/09/2026 04:03
16806f56-40a0-4209-88d0-328e63d653b2,perform.ing,premium,13000,13000,high,low,10,namecheap,,,27/09/2026 06:59
706559a0-46e0-4284-ba85-7f327cc8e6a0,keyse.at,available,11.99,11.99,high,high,8,namesilo,,,27/09/2026 06:59
c6166799-8088-4874-a165-2a45268383ad,alizar.in,available,7.95,7.95,medium,low,8,namesilo,,,18/09/2026 08:12
2b2f5bd2-73aa-4b66-a51a-d9e7305beeff,zoophago.us,available,5.49,7.99,medium,low,10,namesilo,,,18/08/2026 07:58
c025ae7b-48ef-461b-a6cd-e439b363a00e,occurr.ing,premium,437.5,,high,low,9,name.com,,,
4bf02e5b-04fc-438e-80b7-c24b28c78e42,smalli.sh,available,34.98,76.98,medium,low,8,namecheap,,,10/09/2026 11:46
78204ea2-8119-460f-8b0b-7ce315b03645,forebod.ing,available,12.98,16.98,medium,low,10,namecheap,,,18/08/2026 11:32
213d80f9-3bfa-4ed7-b164-c5f607b7f14d,lactat.ing,premium,112.5,112.5,medium,low,9,name.com,,,22/08/2026 18:18
acbce083-f385-41ef-af53-59ead3c0ee12,zanzi.bar,premium,1968.75,,high,low,8,name.com,,,
f40ab6e6-8624-42f3-aeb4-c8b709af6602,allegret.to,available,39.98,39.98,high,low,10,namecheap,,,
f6cb2471-3ad7-4bd8-b6aa-f125cd4275ff,alarm.ing,premium,3750,3750,medium,low,8,name.com,,,
3c075cdd-36a6-4421-b1ee-f02f344442d6,forbidd.ing,available,12.98,16.98,medium,low,10,namecheap,,,18/08/2026 11:08
601a418c-4cba-4770-aca1-3bbdf2af20cc,oilco.at,available,11.99,11.99,high,high,7,namesilo,,,27/09/2026 06:59
0e1fc90e-3483-4a8e-9d60-3383a61a4b2d,seep.ing,premium,117,117,medium,low,7,namecheap,,,04/09/2026 15:36
95ce7ac3-1e90-4e56-b838-57d16d1c3589,uninvit.ing,available,12.98,16.98,medium,low,10,namecheap,,,12/09/2026 13:39
a5bb33f1-a528-415a-bf94-bd39347c096b,agrigen.to,available,64.99,64.99,medium,low,9,namesilo,,,17/09/2026 02:44
37eae028-0a04-49ba-9cba-6286fdbfa587,preced.ing,premium,112.5,,medium,low,9,name.com,,,
fd8cd1b1-3dc9-4f6e-bfe0-a020ec3424de,el.fish,premium,78.54,78.54,medium,low,6,namesilo,,,16/08/2026 03:41
34477520-ef7b-4e04-8db8-adf84f107d23,acronymo.us,available,,,medium,low,10,,,,
f1191cf1-0032-461b-8dba-36793e97ae13,nea.rest,premium,1968.75,,medium,low,7,name.com,,,28/09/2026 14:05
033f7e12-f871-4862-bb89-b785280299ef,salubrio.us,available,5.49,7.99,high,low,10,namesilo,,,20/08/2026 16:33
dc231e02-b840-4b34-a40b-f8d72b927610,petro.us,resell,,,medium,low,7,"GoDaddy.com, LLC",24/04/2002 19:59,23/04/2027 23:59,26/09/2026 08:07
5c2efb4d-f59d-47ba-94b9-2e31e297a8a3,selfma.de,resell,,,high,low,9,,,,26/09/2026 08:54
b685590f-258e-44d6-a740-43a8f3efc4bc,deter.rent,premium,242,242,medium,low,9,namesilo,,,14/08/2026 04:48
53b9135f-3c6b-48da-b3e5-6def123052d8,shrimpbo.at,available,11.99,11.99,high,high,10,namesilo,,,27/09/2026 06:59
7c0e2cf6-2249-41dd-8949-31f8639bba41,guerril.la,resell,,,high,low,9,"Network Solutions, LLC",20/02/2011 06:10,20/02/2029 23:59,26/09/2026 06:31
b1556454-2039-46b9-accb-11fe88c49e81,t.estate,premium,512,512,high,low,7,namesilo,,,11/09/2026 12:00
dbcd21cb-0b17-4c43-a118-1a576f1bcb0c,afre.sh,resell,,,medium,low,6,NETIM SAS,12/02/2022 22:20,12/02/2027 22:20,26/09/2026 01:25
2400d7d4-5cb4-4637-bd82-3134190bece1,shift.ing,premium,10350.2,10350.2,high,medium,8,spaceship,,,27/09/2026 21:11
8f825af3-1d79-4d1d-9db8-cfe12e40b063,rul.ing,premium,1690,1690,high,medium,6,namecheap,,,09/09/2026 12:58
b3f01f63-1502-4058-8e29-b47bbb4384c5,st.one,premium,10350,10350,high,low,5,namesilo,,,19/09/2026 11:54
3a1ac541-b696-41df-af43-4a8ccfcf32c4,flagfi.sh,available,34.98,76.98,medium,low,8,namecheap,,,18/09/2026 19:58
d09bb7f4-3e8b-4822-a7b0-136080ac2f75,smil.ing,premium,455,455,high,low,7,namecheap,,,27/09/2026 23:05
233347aa-87d5-471a-94c8-ab186f480509,mus.ing,premium,812.5,812.5,high,low,6,name.com,,,11/08/2026 05:58
2908059e-46d3-49b3-844a-42f0ab1cae11,moonfi.sh,available,34.98,76.98,medium,low,8,namecheap,,,20/09/2026 21:37
a7b5fbaa-8eb6-4aa5-8ee6-d46412fbb968,snapp.ing,premium,187.5,,high,low,8,name.com,,,
841ef20c-f407-4a7a-b3c1-c8a2d39338bc,appea.red,available,11.49,23.49,medium,low,8,namesilo,,,27/09/2026 10:53
011205d3-cfdc-4f68-962e-ac2d3eb0c92a,rudder.fish,available,46.98,59.98,high,low,10,namecheap,,,22/09/2026 01:07
fe8679d5-5af8-468f-b11c-c88a722559c2,acarpelo.us,available,5.49,7.99,medium,low,10,namesilo,,,
d7df07fc-d259-484c-92ee-7c1821563e84,burbl.ing,available,12.98,16.98,medium,low,8,namecheap,,,11/08/2026 10:10
758fdafa-312d-4171-b016-f8e8bddfef8f,calculo.us,resell,,,medium,low,9,Dominet (HK) Limited,27/04/2026 12:42,27/04/2027 12:42,26/09/2026 04:43
a5bae693-6321-4ccb-81ec-6b47ff380247,semiprecio.us,available,5.49,7.99,high,high,13,namesilo,,,27/09/2026 06:59
13baa1f3-31ec-49a5-81e5-dedf53c6c448,pyram.id,resell,,,high,low,7,PT Jagat Informasi Solusi (int),17/05/2025 02:56,17/05/2027 23:59,26/09/2026 08:26
687f529b-8045-483b-b795-c40f792c7ce4,interreligio.us,available,,,medium,low,15,,,,
51398feb-f92f-490b-8441-a6d135c8080a,someti.me,resell,,,high,low,8,Realtime Register B.V.,01/08/2021 17:14,01/08/2027 17:14,26/09/2026 09:09
26dd5f36-330b-4806-b9bb-f19ed0ffa743,foet.id,premium,212.48,20.06,medium,low,6,namesilo,,,18/08/2026 02:26
8f84e6ff-059a-4e33-8bba-f6578cafd206,scatter.ing,premium,845,845,high,low,10,namecheap,,,24/09/2026 22:59
65d93fb8-e8d7-4b7b-9f32-6404510c7e67,prob.ing,premium,187.5,187.5,high,low,7,name.com,,,22/08/2026 06:21
c50791d5-cc54-4c71-9bcb-dc10fbcb9a85,bacterio.me,available,,,high,high,10,,,,
ad514e1f-4d60-4c23-9742-0ea0b96ebcb6,drubb.ing,available,12.98,16.98,medium,low,8,namecheap,,,13/09/2026 07:58
e9f5fe06-c1c3-4b61-91f5-091c08a31451,utiliz.ing,premium,150.2,195,medium,low,9,unstoppable,,,28/09/2026 07:08
1ef76cba-598f-403e-8823-88d38f00b1e8,ri.co,resell,,,high,low,4,"GoDaddy.com, LLC",26/04/2010 07:55,25/04/2027 23:59,26/09/2026 08:40
09f22e36-56b4-4ce7-b6d2-5b230e2ee90a,lucifugo.us,available,5.49,7.99,medium,low,10,namesilo,,,24/08/2026 10:55
291b74d4-f32f-48c6-91d1-1340596eaf95,pr.one,premium,10350,10350,medium,low,5,namesilo,,,27/09/2026 07:37
86e082fd-f13f-4bb5-99ed-81b7287e3638,detect.ing,premium,3000.2,,high,low,9,unstoppable,,,28/09/2026 06:30
0bc6366a-aa29-48f0-9d6e-bb05efda4ea7,medi.co,resell,,,high,high,6,"GoDaddy.com, LLC",09/09/2010 15:10,08/09/2027 23:59,26/09/2026 07:29
14d2cd2e-a624-460f-9c0c-a751594cb93b,tailco.at,available,,,high,high,8,,,,
751e5ad4-d8a1-4961-9ba5-84bff836177a,cap.one,premium,546.35,546.35,medium,low,6,porkbun,,,28/09/2026 19:49
66d715fa-9e15-49bc-be14-496d306e4e55,bucks.hot,premium,625,625,high,low,8,name.com,,,25/09/2026 13:26
61736141-7f22-4bb9-9924-6d99986f5c0f,caramelicio.us,available,,,high,high,13,,,,
a05c6929-5b64-4ccd-bb38-89d8628051fe,punish.ing,premium,195,195,high,low,9,namecheap,,,27/09/2026 06:05
468dbf62-6b06-438b-a198-ec827d778bea,triplo.id,available,22.98,25.98,medium,low,8,namecheap,,,11/09/2026 20:10
4886a8f7-d78d-49a5-93e1-c208ccd3d19a,blenhe.im,available,4.98,12.98,medium,low,8,namecheap,,,24/09/2026 05:52
1b391cfa-b842-48c5-8496-47ed980f0a15,wail.ing,available,12.98,16.98,medium,low,7,namecheap,,,22/08/2026 19:04
4ce82168-dc37-4a49-8412-34952eb2da48,hus.band,premium,1107,1107,high,low,7,namesilo,,,
989e6f44-5ec4-4a69-a7a1-44dc5e76b7e5,lack.ing,premium,3900,3900,medium,low,7,namecheap,,,28/09/2026 10:18
2c780bf4-890f-4657-b9a5-8afe5d089673,iri.sh,resell,,,high,low,5,Dynadot Inc,14/02/2011 00:31,14/02/2027 00:31,26/09/2026 06:57
21becb48-d1e8-4bed-af4f-1db541b6bac5,agoniz.ing,available,,,medium,low,9,,,,
bb030dc5-7121-496f-bd5f-1349408dfd9b,myo.id,premium,1451.03,20.06,low,low,5,namesilo,,,03/09/2026 12:10
12dae4e8-df8c-4bee-b22e-3c86cf02390d,ancyl.us,available,5.49,7.99,medium,low,7,namesilo,,,19/09/2026 03:54
2ea63090-fe56-487b-94bd-8f3025e0baf8,minacio.us,available,5.98,10.98,medium,low,9,namecheap,,,24/08/2026 19:57
babddba0-09c9-4b40-a75b-89c272a3fc0a,burn.ing,premium,10350.2,10350.2,high,low,7,spaceship,,,28/09/2026 02:13
f5899083-52e7-4784-b63d-463140fdd59b,amylaceo.us,available,5.49,7.99,medium,low,10,namesilo,,,
555d12ea-b0a3-450e-a05d-7f7129066384,nonsmok.ing,available,12.98,16.98,medium,low,11,namecheap,,,16/09/2026 20:03
18e62dd4-7e4c-475c-a9da-1548823f2d32,horm.one,premium,1107,1107,high,low,7,namesilo,,,17/08/2026 01:04
8f472a00-fc6e-4617-a271-24496378e4ba,j.at,resell,,,high,high,3,1API GmbH ( https://nic.at/registrar/578 ),,,26/09/2026 06:59
54026b90-99b3-4e3c-a19b-105b009ad6b4,blink.ing,premium,13000,13000,high,low,8,namecheap,,,22/09/2026 22:02
6135de6a-b51b-4b20-bb92-fae12e8fc934,hai.red,resell,,,high,low,6,"Spaceship, Inc.",23/04/2014 11:41,23/04/2027 11:41,27/09/2026 16:50
714b795b-6a31-4c5e-8852-30b039a5c120,beh.men,premium,640,77.35,medium,low,6,namesilo,,,23/09/2026 03:43
a7f74464-d2f3-46e2-9e59-ba8efe645f01,melodio.us,resell,,,high,low,9,"GoDaddy.com, LLC",25/04/2002 21:28,24/04/2027 23:59,26/09/2026 07:30
927de85b-b600-4a1a-b339-cba6e51c0513,wak.ing,premium,1690,1690,high,low,6,namecheap,,,13/09/2026 07:47
4c054d3b-223c-4a2c-beb4-5929195a9503,doohink.us,available,6.99,10.99,high,high,9,name.com,,,
db73a2a4-b3a3-4734-a24d-86fb3d16c8c5,switzer.land,resell,,,high,high,11,,,,28/09/2026 07:35
a6079393-49d1-4a9b-9ada-2a3df52cde34,stopp.ing,premium,1625,,high,low,8,name.com,,,
11998153-dffb-4963-8afc-4e73065910a9,mov.ing,premium,3900,3900,high,low,6,namecheap,,,25/09/2026 22:01
c40fb40e-401e-48fa-af07-6b493a465e6b,unblink.ing,available,12.98,16.98,medium,low,10,namecheap,,,12/09/2026 02:16
6816e428-e1b9-496d-b146-0aec38a2ca7d,embarrass.ing,premium,195,195,high,low,12,namecheap,,,27/09/2026 06:37
838302fc-6340-4255-a2ee-6c8ad41d201c,vixeni.sh,available,34.98,76.98,medium,low,8,namecheap,,,13/09/2026 06:24
4e083114-54bb-467b-ade8-c95fbd81c780,hear.ing,premium,13000,13000,high,low,7,namecheap,,,24/09/2026 23:40
ce3b7db7-ec27-40e3-b786-c7454f8a8793,belittl.ing,available,12.98,16.98,medium,low,10,namecheap,,,09/08/2026 13:10
7b0dc129-10a0-47a6-b810-d1f239df1ca8,pussyc.at,resell,,,high,high,8,Key-Systems GmbH ( https://nic.at/registrar/404 ),,,26/09/2026 08:26
970b4ecd-5a35-4044-88c4-2b54f0d90b9b,releas.ing,premium,455,455,high,low,9,namecheap,,,09/09/2026 13:32
20841846-839d-439a-926d-5a9af5cb2b7e,torr.id,premium,212.48,20.06,high,low,6,namesilo,,,06/08/2026 16:35
e88cb8db-41d4-4855-b888-a169900608d9,corne.red,available,,,medium,low,8,,,,
2da2ae06-74b5-45af-b5b1-aff9d97a0579,flem.ing,premium,1625,1625,high,low,7,name.com,,,18/09/2026 05:49
e80f687c-3400-4f48-a11d-9b94152c7a02,edentulo.us,available,5.98,10.98,medium,low,10,namecheap,,,15/08/2026 08:36
df074f11-2528-4230-87fb-8282a13010d7,convinc.ing,premium,65,65,high,low,10,namecheap,,,23/09/2026 22:56
ded4bfcc-9c77-41cc-9ee2-24d9f8fddf5f,envio.us,resell,,,high,low,7,"GoDaddy.com, LLC",09/07/2004 09:12,08/07/2027 23:59,26/09/2026 05:52
e640121e-be9f-472e-bc4d-36d0a6135687,propos.ing,premium,93.35,93.35,medium,low,9,spaceship,,,28/09/2026 22:53
6e220c76-4502-40ba-b34c-7d34c114bdc7,stepp.ing,premium,455,455,high,low,8,namecheap,,,16/09/2026 15:33
a5a6a3ca-dc6a-48d0-be67-eb0b2d2399ca,algonk.in,available,7.95,7.95,medium,low,8,namesilo,,,
e525cb95-882a-43b6-9a0a-92aa0f473e15,qualify.ing,premium,3105.2,3105.2,high,low,10,spaceship,,,28/09/2026 06:57
7a6aa514-67aa-4c38-b2d4-f1c54f645968,mourn.ing,premium,437.5,437.5,medium,low,8,name.com,,,25/08/2026 08:38
e7a69e04-46b7-4fd6-b7fa-525536f6ef0d,shabb.at,available,,,high,high,7,,,,
decbde89-2417-4edd-b37e-2047a1291186,vapouri.sh,available,34.98,76.98,medium,low,9,namecheap,,,13/09/2026 01:13
85f7dbd1-6075-4351-9160-6e5d7c76da49,e.store,available,,,high,high,7,,,,
9e9277b6-5167-4a82-a0a0-6975178bae59,cassi.us,resell,,,high,high,7,Gandi SAS,13/08/2004 17:43,12/08/2027 23:59,26/09/2026 04:48
2a990a2f-77c5-44ab-8880-e08f16cc96e1,ag.io,resell,,,high,low,4,"Name.com, Inc.",22/09/2003 14:29,30/04/2028 12:00,26/09/2026 01:27
9abd9dc1-30b7-461a-8dfc-30777fba210e,b.ag,available,,,high,low,3,,,,
0af0d641-52a8-4137-95bc-f1565b4f73ac,nonvenomo.us,available,,,high,high,11,,,,
286a8027-b694-46f6-8444-ec0b041592b3,kinkajo.us,available,,,medium,low,9,,,,
705b788f-4923-4b55-80ea-8fe3043b695a,whitefi.sh,available,39.99,47.99,medium,low,10,namesilo,,,
5899e9eb-b061-4110-99d0-ba88600d9830,weekl.ong,available,18.98,24.98,medium,low,8,namecheap,,,10/09/2026 05:01
0596a851-706f-4f08-991b-4c6a9c9e3b9f,monot.one,premium,1107,1107,high,low,8,namesilo,,,25/08/2026 05:25
e8418a31-4470-4aaf-87ee-ddb490c1d468,ald.rich,available,79,160.72,high,low,7,dynadot,,,28/09/2026 04:14
b3dc6a31-69f3-4769-849c-de95ec0105e3,glitter.ing,premium,3750,3750,high,low,10,name.com,,,
22fabeae-b50e-4f3f-900a-5ef3693b9d99,glow.ing,premium,12500,12500,high,low,7,name.com,,,20/08/2026 15:11
9a362345-a188-4c46-81b1-b2acfed97c33,acetami.de,available,6.98,9.88,medium,low,9,namecheap,,,16/09/2026 23:49
bf5576c3-bb2a-4328-aa4e-2ac2c54946c3,spr.at,available,,,high,high,5,,,,
92a5f836-e3b2-4ec5-9029-9a29ef08673d,strik.ing,premium,455,455,high,low,8,namecheap,,,27/09/2026 07:25
04fe7435-a3e4-4c42-8c61-0d2837156adf,redst.art,premium,27.3,91,high,low,8,namecheap,,,18/09/2026 20:37
441883a4-1108-435d-ac3e-f8b2b359743f,foppi.sh,available,59.99,99,medium,low,7,name.com,,,13/08/2026 17:05
3f97fcb1-4ce1-4aab-8057-209429465947,naupakt.us,available,,,high,high,9,,,,
a9131ecb-a9b5-41d8-ad6d-1e91f83a6e60,yearl.ing,available,12.98,16.98,high,low,8,namecheap,,,22/09/2026 00:38
8f563ce8-bdc2-40d6-bc66-a1906a6329fd,inu.red,available,9.48,28.48,medium,low,6,namecheap,,,17/08/2026 10:01
841a9105-e0a6-422c-bf1d-c3424ac9e7d2,tanni.sh,available,34.98,76.98,medium,low,7,namecheap,,,11/09/2026 08:03
a08467ba-95cf-427e-92fd-01c52e690ce7,fo.rest,resell,,,high,low,6,"Spaceship, Inc.",22/05/2025 20:13,22/05/2027 20:13,26/09/2026 06:11
defb8339-13d0-4bb5-b764-a2d97cd56ac0,agel.ong,available,16.99,16.99,medium,low,7,name.com,,,
ea560252-4d33-44ab-880b-46c92eb25d88,exist.ing,premium,13000,13000,high,low,8,namecheap,,,24/09/2026 15:59
78b5ab13-5658-4fbd-97e2-e95ba49fe57c,winso.me,available,,,high,low,7,,,,
53d17b34-5d2b-417e-b0c2-f12b509d3936,perplex.ing,premium,117,117,medium,low,10,namecheap,,,21/09/2026 17:26
ad43d5d7-9a7a-4194-ae91-347c22d18065,bulbifero.us,available,,,high,high,11,,,,
5b63fe66-fa04-41d4-a94f-8c559c843cd2,cano.la,resell,,,high,low,6,LA Domain Names,31/05/2026 01:34,31/05/2027 23:59,26/09/2026 04:45
9fd9c043-ada9-42e2-b641-f98b94e36e4e,sli.my,premium,471.11,673.01,medium,low,5,name.com,,,14/08/2026 04:03
3d396823-a1cd-49cc-b72e-1de7b60b4e87,acanthur.us,available,5.98,10.98,high,low,10,namecheap,,,16/09/2026 20:58
ca345678-f0b9-4f63-b377-1409235affcb,orangi.sh,available,34.98,76.98,medium,low,8,namecheap,,,04/09/2026 17:26
0c22f1ef-57d6-4a15-a155-7acece3f9120,sneez.ing,premium,112.5,,medium,low,8,name.com,,,
92e329ec-c424-42df-b692-32158541112c,chenn.ai,resell,,,high,high,7,"NameCheap, Inc.",22/07/2018 06:21,22/07/2027 06:21,26/09/2026 04:54
fc1a1024-0ee6-4372-9228-aba1e60529d4,monogamo.us,resell,,,high,low,10,"GoDaddy.com, LLC",21/07/2022 23:29,21/07/2027 23:29,26/09/2026 07:37
1d06450b-526d-4269-9ee9-f3beb3acd864,ducks.hot,available,41.6,41.6,medium,low,9,spaceship,,,27/09/2026 23:17
d2691447-7c37-4b0d-a268-c2c82df20e03,sousaph.one,premium,1300,1300,medium,low,10,namecheap,,,22/09/2026 11:51
3ae83496-e56d-4aa9-b4d4-a11dc8f7e675,embrac.ing,premium,112.5,,high,low,9,name.com,,,
7016cf73-ce22-47fb-ba4b-e782257ebc04,manag.ing,premium,1625,,high,low,8,name.com,,,
6876d343-dfc0-448a-9766-7fbecbc7d571,remov.ing,premium,1419.68,1419.68,high,low,8,porkbun,,,28/09/2026 07:21
541deb75-9d71-4927-ba69-ea6ab53dfebc,langu.id,available,22.98,25.98,medium,low,7,namecheap,,,22/08/2026 18:03
51b185d9-887a-4cd8-8262-9c20fdcf969f,protohe.me,available,,,high,high,9,,,,
9715b74d-62ac-42f0-b9a5-9b60700bc279,schoolti.me,available,,,high,high,10,,,,
557ae52e-b2c2-4671-97b6-91d753d5689c,treasono.us,available,5.98,10.98,medium,low,10,namecheap,,,17/08/2026 21:20
ef52a458-5be2-447a-be92-08e31ee218b4,iph.one,premium,6900,6900,high,high,6,namesilo,,,27/09/2026 05:34
a1db7888-ec3c-4817-b0cd-254291eb7679,tagme.me,available,,,high,medium,7,,,,
1c6c5ecd-d4ca-4caa-819c-1a531d377139,efa.me,resell,,,high,low,6,Dynadot Inc,28/05/2018 01:07,28/05/2027 01:07,26/09/2026 05:46
2897a746-3d3b-4692-ae67-1d1b96841fc2,cork.ing,premium,1625,1625,high,low,7,name.com,,,29/09/2026 00:12
e99b40c8-ba35-4b74-8fc0-10de838a33fc,showho.me,available,,,high,high,9,,,,
595ee3e6-b3ba-473b-95d9-d3f25558a41c,pay.ing,premium,130000,130000,high,low,6,namecheap,,,24/09/2026 22:11
2c9055a9-57a0-495e-9018-c0010584047f,aro.id,premium,1451.03,20.06,medium,low,5,namesilo,,,06/08/2026 11:30
8e17ad3b-d587-49a3-96c9-e57ae85e8142,unblush.ing,available,12.98,16.98,medium,low,10,namecheap,,,10/09/2026 05:55
4b504d8e-2f03-462d-a5dd-008b052e800c,hybr.id,resell,,,high,low,6,PT Jagat Informasi Solusi (int),15/08/2014 10:59,15/08/2027 23:59,26/09/2026 06:46
76ad3725-a031-4084-9afb-4c89df94bde2,fitt.ing,premium,3750,3750,high,low,7,name.com,,,18/08/2026 05:50
7ed17235-6b8a-4a71-83ce-256286ae72c9,hous.ing,premium,3900,3900,high,low,7,namecheap,,,24/09/2026 12:13
443a7550-5631-4c8c-a2d8-204e01e6293a,bann.ing,premium,187.5,187.5,medium,low,7,name.com,,,18/08/2026 11:11
3b164e78-80a7-4ae9-a7db-c8f10dddc73d,unpity.ing,available,12.98,16.98,high,medium,9,namecheap,,,08/09/2026 20:07
0964a611-7c71-4616-a9d2-f5fcbdf642c1,b.lat,premium,2600,2600,medium,low,4,namecheap,,,10/08/2026 13:38
6c672fae-3817-46c8-8556-9de4910d4f41,provid.ing,premium,1345.7,1345.7,high,low,9,spaceship,,,28/09/2026 07:19
28db27e1-42d5-4cdf-bf29-483516a34f23,areo.la,resell,,,medium,low,6,NameSecure LLC,14/07/2008 18:50,14/07/2027 23:59,26/09/2026 03:59
b8737fc5-3f08-4308-b69d-c7fed0740d52,rhym.ing,premium,195,195,high,low,7,namecheap,,,09/09/2026 16:53
f9d8e05e-521f-447d-b36a-5aeb9120060f,brac.ing,premium,112.5,112.5,high,low,7,name.com,,,11/08/2026 00:30
09164ff4-9fbf-4db8-a900-b2b9bd19697c,neoteno.us,available,5.49,7.99,medium,low,9,namesilo,,,03/09/2026 15:33
ef7aebf9-323c-4cb3-8f43-7962896a7c26,defe.rent,available,5,81.98,medium,low,8,namecheap,,,13/08/2026 23:17
b66054d6-7d0f-4ca3-9144-6b8e8c058707,thesaur.us,resell,,,high,high,9,"GoDaddy.com, LLC",24/04/2002 17:02,23/04/2028 23:59,26/09/2026 09:35
03a5ebf7-487c-4b70-bb19-c568f3c82803,fungo.us,resell,,,medium,low,7,"GoDaddy.com, LLC",19/07/2007 02:38,18/07/2027 23:59,26/09/2026 06:17
a72b1f0f-9574-45a7-88fa-e64b47c00c29,calamito.us,available,5.49,7.99,medium,low,10,namesilo,,,11/08/2026 13:28
a3806138-5b7d-492a-8966-7c373b54cb3b,litigio.us,resell,,,medium,low,9,"GoDaddy.com, LLC",02/04/2024 01:59,02/04/2027 01:59,26/09/2026 07:16
932cec4a-c40c-42cf-9cbd-ee58a2f24d14,headl.ong,available,16.99,16.99,medium,low,8,name.com,,,21/08/2026 01:16
037faaa7-d26b-4770-b340-ddbadfd10746,grant.ing,premium,3750,,high,low,8,name.com,,,27/09/2026 12:18
11a6a175-64bc-4cf3-a86c-e4a4f125d47a,trust.ing,premium,13000,13000,high,low,8,namecheap,,,25/09/2026 04:00
a592a8a4-02d8-4d2b-b029-3770825eb84b,encourag.ing,premium,187.5,,high,low,11,name.com,,,
a169ab3d-c4e0-469b-b6dc-8eddef5a0c01,vomit.ing,premium,3900,3900,high,low,8,namecheap,,,10/09/2026 07:32
74ff3394-9f42-44d6-a08b-8fa89df48143,ankso.me,available,11.99,26.99,high,high,7,name.com,,,
34f6b55e-e652-46e5-af4d-e11ec057b153,semiliqu.id,available,14.19,20.75,medium,low,10,namesilo,,,10/09/2026 03:07
5432c59d-f9be-4b8a-aff9-d11f4952226b,bodyf.at,available,,,high,high,8,,,,
931a5295-9cfb-4fb2-9518-7d46c517a9d7,gnomi.sh,available,34.98,76.98,medium,low,7,namecheap,,,20/08/2026 15:45
580760db-969a-4103-a129-2941c799d0e2,pe.at,available,,,high,high,4,,,,
35b81835-716c-471c-8c68-a3c5d2be84be,waggi.sh,available,34.98,76.98,medium,low,7,namecheap,,,13/09/2026 07:38
8f82fe89-e09b-437d-852e-4983dc0afb5e,carv.ing,premium,672.95,672.95,high,low,7,spaceship,,,29/09/2026 00:21
06615b79-00f8-47e1-b7f4-e3bb0e0584bc,ager.asia,available,2.79,13.49,medium,low,8,namesilo,,,17/09/2026 17:14
7b00b976-8305-4401-8e68-c451aa49074a,armou.red,available,9.48,28.48,medium,low,8,namecheap,,,06/08/2026 20:10
6628762b-c201-4ba2-879f-325bec9c3ed7,cond.one,premium,1107,1107,high,low,7,namesilo,,,
30a94f3c-56de-4716-8064-8dc8869b2b7d,cumqu.at,available,,,high,high,7,,,,
0e5c67ef-1b07-460c-b2d1-6e620e450ce4,bit.ing,premium,10000.2,12500,high,medium,6,unstoppable,,,29/09/2026 02:55
a6f7013e-32ae-4a18-bc7e-e4fc4700d9ad,dar.ing,premium,1625,1625,high,low,6,name.com,,,07/08/2026 21:39
1b734f87-6672-4dd5-afbb-b9595faf093d,purchas.ing,premium,1690,1690,high,low,10,namecheap,,,24/09/2026 11:23
abaf8879-f3db-46c2-b964-668cb646dd47,arterioloveno.us,available,,,medium,low,15,,,,
fb177867-54b6-486b-a015-150a394739e6,frig.id,premium,212.48,20.06,medium,low,6,namesilo,,,18/08/2026 15:46
0863659b-543d-4b54-9434-a5d2845fc208,ald.us,resell,,,high,high,5,Gandi SAS,24/04/2002 16:35,23/04/2027 23:59,26/09/2026 01:29
b8070204-9856-47b0-98c8-2c17d9c9a64f,emb.racing,premium,116,116,high,low,9,namesilo,,,
9be068da-fa20-4977-9527-abdddf12638a,devot.ing,available,12.98,16.98,medium,low,8,namecheap,,,17/09/2026 17:04
3950f3ba-9c6c-4eb6-9460-146c306e9698,bett.ong,available,18.98,24.98,medium,low,7,namecheap,,,23/09/2026 11:46
a00fead3-4733-4b71-88e7-b5b5684d4102,ap.pro,premium,3450,3450,high,low,5,namesilo,,,19/09/2026 22:20
2ef5cca3-a7ad-4277-a453-e845a8ce2e61,impell.ing,available,12.98,16.98,medium,low,9,namecheap,,,21/08/2026 22:04
e33d7df5-487d-4668-970c-ff05c8ad5361,dwell.ing,premium,812.5,,high,low,8,name.com,,,
73f42384-8f42-40b8-ab05-0adb9f6cfa22,st.ink,premium,812.5,,high,low,5,name.com,,,
8d010de6-f915-4062-8c6e-a5ae0ad8a278,costu.me,resell,,,high,low,7,"GoDaddy.com, LLC",27/08/2008 20:11,27/08/2027 20:11,26/09/2026 05:16
d5326f33-c293-4927-a32b-0ed952c03b29,unflavo.red,available,9.48,28.48,medium,low,10,namecheap,,,03/09/2026 19:15
8591a6aa-21c1-493b-a4a8-172124e19562,revert.ing,available,12.98,16.98,medium,low,9,namecheap,,,09/09/2026 15:58
452252e4-c69c-49eb-81fa-7e68940314a8,modi.sh,resell,,,medium,low,6,1API GmbH,14/03/2016 13:01,14/03/2027 13:01,26/09/2026 07:36
148e5de2-5fe4-4cfb-8f16-51821b86b2d6,wedd.ing,premium,3750,,high,low,7,name.com,,,
d2cbd551-2626-4049-a84b-e7e44c22483c,forb.id,resell,,,medium,low,6,,,,28/09/2026 10:33
00d0e47d-8158-4778-ad90-58045888a3ba,bacitrac.in,available,7.95,7.95,medium,low,10,namesilo,,,21/09/2026 14:25
bdcfe6f8-7f8e-48fc-9932-8059cb140d9c,arbut.us,available,5.98,10.98,medium,low,7,namecheap,,,20/09/2026 01:01
585361d1-10b5-43fd-9ffc-95b6332dd442,korzyb.ski,available,27.99,64.99,medium,low,9,namesilo,,,18/09/2026 06:31
c4456758-ccff-4c66-ba7c-fabba92dcbe1,unborde.red,available,9.48,28.48,medium,low,10,namecheap,,,12/09/2026 02:21
b17e05a5-3b00-4a96-aa3a-0c02c0a77486,cor.date,premium,116,29.5,high,low,7,namesilo,,,13/08/2026 00:50
6a83ff66-bcd8-4c1c-8982-f15a37202f3b,moori.sh,available,34.98,76.98,medium,low,7,namecheap,,,25/08/2026 05:59
bb0f04c8-6027-4504-a42e-f1ed273edf91,timbe.red,available,9.48,28.48,medium,low,8,namecheap,,,11/09/2026 15:59
b99f3880-c0cb-429c-a0c9-3483962200a8,carbonigeno.us,available,,,medium,high,13,,,,
097e1cd0-babf-42d1-b188-619c8bcf1f2b,govern.ing,premium,1625,1625,high,low,9,name.com,,,20/08/2026 17:20
5e02335a-261f-4a1e-97e6-7b07e46635a4,bigg.in,resell,,,medium,low,6,"Dynadot, LLC",04/10/2022 22:42,04/10/2027 22:42,26/09/2026 04:24
9c8cb368-13cf-43d6-9ae9-73779b8bbfb5,acet.one,premium,1107,1107,high,low,7,namesilo,,,17/09/2026 00:07
ad3aa9e1-83c8-4850-9474-f254243a126c,foreorda.in,available,7.95,7.95,high,medium,10,namesilo,,,09/09/2026 01:24
23830f9b-a159-42ad-873b-8d0a53640760,huffi.sh,available,34.98,76.98,medium,low,7,namecheap,,,21/08/2026 14:38
fba1a762-8237-44ad-b52b-b4da7a55adb2,townho.me,available,9.99,19.99,high,high,8,namesilo,,,25/09/2026 14:53
a70c7a14-aafb-4ba5-b279-a461774077c3,cartilagino.us,available,,,high,high,13,,,,
c497eea2-d6c1-4f43-af9d-8e89e8a4ee40,drain.ing,premium,3900,3900,medium,low,8,namecheap,,,24/09/2026 23:49
417029ae-4036-4016-8bf6-66e27e5e977c,bak.ing,premium,3900,3900,high,low,6,namecheap,,,22/09/2026 16:25
0779a116-1a89-4e03-a098-e21093160156,millst.one,premium,1107,1107,medium,low,9,namesilo,,,18/09/2026 02:29
f7c4972f-ed84-4aec-a790-ed69faa52c2e,uncolo.red,available,9.48,28.48,medium,low,9,namecheap,,,12/09/2026 02:06
d99506b1-0f8b-4eea-a23f-c207c3e371a9,peek.ing,premium,3000.2,,high,low,7,unstoppable,,,28/09/2026 19:21
058c051d-99bb-4b29-8bc2-8b6a47e439ad,fea.red,resell,,,medium,low,6,,,,28/09/2026 11:28
5df10bc4-ad9b-428e-bc19-774863213398,lash.ing,premium,1625,1625,medium,low,7,name.com,,,22/08/2026 20:10
6f99e4df-2cff-4dfe-9dae-db90b110d452,pilo.us,resell,,,high,medium,6,"GoDaddy.com, LLC",06/06/2021 18:04,06/06/2027 18:04,26/09/2026 08:09
fb03a19c-3564-4267-a404-0632646e0302,ragamuff.in,resell,,,medium,low,10,NAMECHEAP,18/02/2026 07:27,18/02/2027 07:27,26/09/2026 08:28
cb117ea1-3186-44b5-b4b9-fd3b1471426f,choos.ing,premium,650.2,,high,low,8,unstoppable,,,28/09/2026 03:32
160bc846-85f6-4501-8610-75a268498aa8,undeter.red,available,9.48,28.48,medium,low,10,namecheap,,,12/09/2026 07:59
d4bb0156-3536-4b5b-b903-39b66488f06b,dispatch.ing,premium,845,845,high,low,11,namecheap,,,04/09/2026 00:56
d569169e-e1e0-4796-aa6d-da0b3593224f,annoy.ing,premium,1690,1690,high,low,8,namecheap,,,22/09/2026 05:19
caebfa2b-76bd-4c60-831d-b728b3068cc7,chang.ing,premium,10350.2,10350.2,high,medium,8,spaceship,,,28/09/2026 09:21
87bb8fc7-7d62-46dc-a992-56cdf3e345e5,spank.ing,premium,3750,3750,high,low,8,name.com,,,11/08/2026 04:33
aefcc26f-01e2-4e77-9033-e7784788ae02,tur.bid,premium,625,81.25,medium,low,6,name.com,,,25/08/2026 01:10
46318d26-aa39-40dc-bf26-8805e138a5bb,heil.ong,available,18.98,24.98,medium,low,7,namecheap,,,19/09/2026 00:15
7991ad06-0157-4f17-8035-bcc7d54b5c1d,baccalaure.at,available,,,high,high,12,,,,
e97d3860-ee42-47fa-87ff-22444438b8bd,antipas.to,resell,,,medium,low,9,Tonic,23/06/2023 02:27,01/08/2027 00:00,26/09/2026 03:54
0f1b8d94-cbde-4c22-8a82-61886a1cefc6,monkfi.sh,available,39.99,47.99,medium,low,8,namesilo,,,18/09/2026 11:42
31f53458-8ee4-45d7-b76d-1d3632483caa,churli.sh,available,34.98,76.98,medium,low,8,namecheap,,,12/08/2026 07:49
55b010dc-7ef7-48dd-be48-c10862f975fd,celebrat.ing,premium,195,195,high,low,11,namecheap,,,27/09/2026 06:50
fa803d4f-d10d-423b-b750-5ec0003885c0,wander.ing,premium,3105.2,3105.2,high,low,9,spaceship,,,28/09/2026 01:37
2cbc69e4-7b66-4514-b63d-780fed1b93bf,surg.ing,premium,112.5,112.5,high,low,7,name.com,,,09/08/2026 21:44
3b62f2ba-0a24-4693-ae19-1cdd6ff1b062,ven.us,resell,,,high,low,5,,,,28/09/2026 14:17
a7737ae3-821d-427d-8b64-a03f25319c0c,beseech.ing,available,12.98,16.98,medium,low,10,namecheap,,,09/08/2026 15:20
a8736795-59fb-4d59-ac26-c0634d5c1087,breed.ing,premium,10350.2,10350.2,high,low,8,spaceship,,,27/09/2026 11:59
a997aadd-e0ba-437d-8255-673834bc95ec,touch.ing,premium,10000.2,12500,high,low,8,unstoppable,,,28/09/2026 09:25
78ba1eec-2f4b-403b-99dd-7a4a0d18bc3f,abiogeno.us,available,6.99,10.99,high,high,10,name.com,,,
5741ac4f-6959-4938-aaf3-fbb7c4d96a62,proteoso.me,available,,,high,high,10,,,,
3af68ca9-ad89-4a7c-8796-996026467775,prestigio.us,resell,,,high,high,11,"GoDaddy.com, LLC",25/04/2002 21:22,24/04/2027 23:59,26/09/2026 08:18
271ccfa2-4bc1-4fa3-a2cc-846eebb99cde,crow.ing,premium,1625,1625,medium,low,7,name.com,,,11/08/2026 00:56
08eec30c-cad3-4ef9-b804-5a6402e3e31a,ascend.ing,premium,1625,1625,high,low,9,name.com,,,07/08/2026 00:51
1d3eefe0-2013-49bf-b9d9-537bc5576694,anguil.la,available,27.99,27.99,high,high,8,namesilo,,,19/09/2026 07:26
d8d76742-21ad-46ca-9d58-05e55fe76ea1,rais.ing,premium,3900,3900,high,medium,7,namecheap,,,09/09/2026 09:53
4204adbf-6aa5-4c79-b01c-7440c179c9ca,spermo.us,available,5.49,7.99,high,medium,8,namesilo,,,10/09/2026 15:30
cdabab23-f409-4797-be35-32d6bedd69d6,chivalro.us,available,5.49,7.99,high,low,10,namesilo,,,12/08/2026 06:14
288996ce-aef5-4c3b-85af-818e94d45294,unassu.red,available,9.48,28.48,medium,low,9,namecheap,,,12/09/2026 01:14
045ecf3b-1328-4f18-8f41-4c2ef24f882a,viol.in,resell,,,high,low,6,,,,28/09/2026 09:46
d946252d-16b9-4d00-b275-0eab4ac80c1b,cinna.bar,premium,393.75,562.5,medium,low,8,name.com,,,12/08/2026 05:49
bfe44df8-8a00-46b7-bbee-f1ec4bcfbc51,pa.in,available,,,high,low,4,,,,
0c18f974-b832-48d7-a781-2365b9779c16,jewi.sh,resell,,,high,low,6,"NameCheap, Inc.",19/03/2010 07:13,19/03/2027 07:13,26/09/2026 07:00
968868dd-1728-4398-981a-66cc72f3af87,surco.at,available,,,high,high,7,,,,
aca71156-b224-4434-b3b9-06888d462d7d,terrify.ing,premium,93.35,93.35,medium,low,10,spaceship,,,28/09/2026 02:19
28d2304b-d8bc-4a22-974f-8cdd67cf5e79,greatco.at,available,,,high,high,9,,,,
9884df37-09b2-46e1-8bf1-306413d1b15d,harrow.ing,premium,187.5,187.5,medium,low,9,name.com,,,
f99eafaf-6edc-498a-8b0d-94badf509508,ask.ing,premium,31050.2,31050.2,high,low,6,spaceship,,,28/09/2026 22:40
9b8fae34-7694-4ca2-ba95-62e0085b358f,ca.to,resell,,,high,low,4,,,,28/09/2026 07:17
fc8c36cb-c6c4-4509-a206-1155d05ee157,fairi.sh,available,34.98,76.98,medium,low,7,namecheap,,,17/08/2026 21:12
5d6d96bd-4f99-4d7f-98f9-6f885cc05531,roil.ing,available,12.98,16.98,medium,low,7,namecheap,,,09/09/2026 18:16
efd137b6-a73a-4d78-aa56-a5baaccf4b03,bun.co,resell,,,medium,low,5,Dynadot Inc,04/10/2021 17:15,04/10/2028 23:59,26/09/2026 04:40
a010dc06-ff77-4d48-a840-0986057241c2,dayl.ong,available,16.99,16.99,medium,low,7,name.com,,,13/08/2026 18:51
af4740c5-bd58-420f-b8af-75ac8af84424,unsee.ing,available,12.98,16.98,high,medium,8,namecheap,,,10/09/2026 07:57
b98817bb-8344-4696-99d6-c93445e596ee,porifero.us,available,5.49,7.99,medium,low,10,namesilo,,,08/09/2026 23:59
69ca5f6c-58bc-41ec-b5b6-892b0bb922e3,viso.red,available,9.48,28.48,medium,low,7,namecheap,,,13/09/2026 06:15
a27db0d9-1d8a-4ed8-b668-6520a85b0c3e,serv.ing,premium,3750,3750,high,low,7,name.com,,,25/09/2026 23:06
2c90cb3e-416f-4cf3-8d5e-811b10e1225b,fracedino.us,available,,,high,high,11,,,,
fae3cc58-2a35-495a-b185-fc9c36c56a8d,efficacio.us,available,,,high,high,11,,,,
9b25c3a0-ac92-42be-9159-52b984269af2,exiguo.us,available,5.49,7.99,medium,low,8,namesilo,,,17/08/2026 17:18
57787ad6-f242-482a-84d0-f0477d686df4,metabolo.us,available,5.98,10.98,medium,low,10,namecheap,,,24/08/2026 21:28
8321fa33-3936-48e8-8b0f-777c6005e2eb,jutt.ing,available,12.98,16.98,medium,low,7,namecheap,,,22/08/2026 14:44
d034fb92-4fe3-4162-878e-ad6683307232,annul.us,resell,,,high,low,7,Porkbun,03/06/2026 16:21,03/06/2027 16:21,26/09/2026 03:53
655c44ae-2eda-4f95-8220-6e81ea8fee43,ignor.ing,premium,117,117,medium,low,8,namecheap,,,28/09/2026 11:32
5d59ed7d-cbcb-4731-9877-a95980edef94,includ.ing,premium,1625,,medium,low,9,name.com,,,
a444d318-7f19-4f4d-99c7-123905f8297e,goeteb.org,available,7.49,17.99,high,high,9,name.com,,,
8df5ea3b-59ff-43d2-a28d-7a0ca0666397,taper.ing,premium,187.5,187.5,medium,low,8,name.com,,,14/08/2026 21:50
b2aa919d-e507-4aa5-bd1c-97b74b2b11b2,stirr.ing,premium,117,117,high,medium,8,namecheap,,,09/09/2026 19:07
6912d4e1-e895-4764-ac46-bad395046856,fette.red,available,9.48,28.48,medium,low,8,namecheap,,,18/08/2026 02:54
9f29da77-a6cc-49d3-9268-ab74a11a0b35,fungo.id,available,14.19,20.75,medium,low,7,namesilo,,,18/08/2026 18:37
b9ef28d3-8014-4722-9167-e378b491ea20,antle.red,available,9.48,28.48,medium,low,8,namecheap,,,05/08/2026 20:11
8febc333-96fe-4f37-a863-2759951a2958,alienat.ing,available,12.98,16.98,medium,low,10,namecheap,,,
57cab341-7a4b-4c22-bf33-7803687cb761,ravish.ing,premium,117,117,high,low,9,namecheap,,,09/09/2026 10:42
4177008b-3e0a-4cca-b6a4-386e838655ae,ple.at,resell,,,high,high,5,InterNetX GmbH ( https://nic.at/registrar/80 ),,,26/09/2026 08:12
7ff25d85-0e44-4150-be9b-fcc4bbcb10fd,abi.dance,available,21.2,21.2,high,low,8,cloudflare,,,29/09/2026 03:38
47ee612f-e10d-46a0-b2b8-6b704d1213c3,hoggi.sh,available,34.98,76.98,low,low,7,namecheap,,,21/08/2026 10:16
6bdd5201-78b7-40da-923a-68043908ebfe,wham.my,premium,238.09,340.13,medium,low,6,name.com,,,21/08/2026 07:39
f3ed6680-1f29-4a25-b91a-0f3912d4f72e,cl.ing,premium,3900,3900,high,low,5,namecheap,,,24/09/2026 15:42
e0af5cfc-dd23-4648-bd66-11bc36280ec5,unbar.red,available,9.48,28.48,medium,low,8,namecheap,,,12/09/2026 01:34
5f6d7d24-6ffa-4ed1-827a-2a46376df02b,mock.ing,premium,3750,3750,medium,low,7,name.com,,,25/08/2026 02:24
9d30a5db-e23f-47dd-9937-78f5aaa0eb31,dogwalk.ing,premium,117,117,high,low,10,namecheap,,,20/09/2026 23:47
ecb402c0-fb08-4e7b-bf70-b8fee15c05ce,fil.ing,premium,3105.2,3105.2,medium,low,6,spaceship,,,28/09/2026 14:11
e6348621-b50c-4311-b01e-20f793cafb37,unhear.ing,available,18.99,18.99,medium,low,9,name.com,,,13/08/2026 19:50
1bf08620-4dbc-462c-9441-9cdf595bf5ce,worsen.ing,available,12.98,16.98,medium,low,9,namecheap,,,28/09/2026 10:58
315ff73e-6c18-45ee-a175-73d5f641de19,hugemongo.us,available,,,high,high,11,,,,
f802375f-ca3f-477c-819d-c3f517e9c11a,handl.ing,premium,1690,1690,high,low,8,namecheap,,,25/09/2026 23:04
3eec7316-b9f7-44a6-848f-8e0304d1f3ba,venerat.ing,available,12.98,16.98,high,low,10,namecheap,,,09/09/2026 16:09
eaf78912-9bc1-4182-a2c1-1e3702b637f0,counsel.ing,premium,13000,13000,high,low,10,namecheap,,,28/09/2026 05:25
c63aeb3e-2346-4f9e-8355-fa80a9d7141f,answer.ing,premium,13000,13000,high,low,9,namecheap,,,28/09/2026 21:32
8716b7ea-92c5-4c57-b21d-0724e7b4d6a8,develop.ing,premium,13000,13000,high,low,10,namecheap,,,24/09/2026 07:59
ff6d3f2d-3ad8-4807-8b1b-f78f00ae9b40,pervio.us,resell,,,high,low,8,"GoDaddy.com, LLC",12/02/2023 05:01,12/02/2027 05:01,26/09/2026 08:07
2c788463-ad61-48af-909b-e2183364eae3,tapp.ing,premium,,,high,low,7,,,,28/09/2026 20:35
d2ced286-6af0-44ab-af0a-33f3599cc80d,metallo.id,available,14.19,20.75,medium,low,9,namesilo,,,24/08/2026 21:37
2b5094b9-4f59-4780-86b1-a3fc57742b4c,dis.credit,available,11.49,104.99,high,low,9,namesilo,,,24/09/2026 22:25
1ed585d2-8137-451f-ba8e-81b8570f7797,taxpay.ing,available,12.98,16.98,medium,low,9,namecheap,,,11/09/2026 09:32
aa20d30f-ba4b-4161-bbd9-5f276429079e,carpetb.ag,available,89,141.99,medium,low,9,name.com,,,11/08/2026 19:44
dc205d34-4185-4aa5-8bc7-9eea8b14376f,happen.ing,premium,13000,13000,high,low,9,namecheap,,,25/09/2026 23:54
c1151877-6a6f-408a-af66-51741ce279ac,unpowe.red,available,9.48,28.48,medium,low,9,namecheap,,,12/09/2026 17:18
299f3a0d-e943-4d4a-9ca3-bc4536f60241,piggi.sh,available,34.98,76.98,medium,low,7,namecheap,,,21/08/2026 10:18
62121529-5254-4384-815e-9ff4043aaa91,jesu.it,resell,,,high,low,6,,27/03/2000 00:00,27/03/2027 00:00,26/09/2026 06:59
146a29bc-a8e2-4cc1-8e76-c3d80a802e51,carp.ing,available,12.98,16.98,medium,low,7,namecheap,,,18/08/2026 00:03
777ce48e-5889-4d8c-81ef-f0c6f93eba57,hyo.id,premium,1451.03,20.06,medium,low,5,namesilo,,,21/08/2026 16:35
6e8b1d9b-66a3-482e-add5-4cb30c76e282,ursu.la,resell,,,medium,low,6,,,,28/09/2026 03:44
9e84c2ca-42d5-465b-af22-1a748d37aa14,wrongdo.ing,available,12.98,16.98,medium,low,10,namecheap,,,17/09/2026 05:25
9132e57f-50d4-4f4e-8e4a-a227626e738e,officio.us,resell,,,medium,low,9,"Spaceship, Inc.",01/04/2026 07:28,01/04/2027 07:28,26/09/2026 07:52
f6eefbe3-1562-4d12-9025-120e61b4b265,whenuap.ai,available,92.98,,high,high,9,namecheap,,,
3ff7c6e9-2c70-4342-a0b3-fc8bb5d68ba1,ankleb.one,premium,1107,1107,medium,low,9,namesilo,,,19/09/2026 09:43
6c6ad059-9c95-4762-94fc-4978e345e1b3,aneuplo.id,available,14.19,20.75,medium,low,9,namesilo,,,
d8ac2e68-d475-4acc-aef0-6fa9bdabb9f6,de.spot,premium,3450,3450,medium,low,6,namesilo,,,21/09/2026 06:11
49e577ef-baad-46ad-85de-aacbd11bbffa,imped.ing,available,12.98,16.98,medium,low,8,namecheap,,,12/08/2026 11:44
78c47589-e19b-4d32-ab27-0c0b9c3cc3a2,m.ing,premium,103500.2,103500.2,high,low,4,spaceship,,,28/09/2026 02:26
af5c0513-b0a0-43b4-9b76-e220577cbd31,soak.ing,premium,455,455,medium,low,7,namecheap,,,16/09/2026 03:40
16c7fa7b-e7aa-495b-935b-d16eaed674f1,vulturo.us,available,5.49,7.99,high,medium,9,namesilo,,,09/09/2026 10:25
4941f05b-fa20-41c9-8f5f-d79aca1854c5,fulguro.us,available,7.99,18.99,medium,low,9,name.com,,,13/08/2026 19:01
d6ff755f-a125-44b8-b3fd-9dba520c308a,deciphe.red,available,9.48,28.48,medium,low,10,namecheap,,,13/08/2026 21:34
12776914-32ea-4561-9745-62b92634fef9,silicio.us,available,,,high,medium,9,,,,
655c9533-3f46-46df-9d9d-258306a7e26b,lead.ing,premium,39000,39000,high,low,7,namecheap,,,28/09/2026 23:25
63c3dc4f-da0b-40f9-af73-3bfd398e355c,glisten.ing,premium,187.5,187.5,high,low,10,name.com,,,20/08/2026 14:30
39744b68-83d0-4563-bd30-6708a5502193,age.ing,premium,13000,13000,high,low,6,namecheap,,,21/09/2026 22:43
bb3911d1-ba35-4020-82e9-c51c097d28ad,wrapp.ing,premium,672.95,672.95,high,low,8,spaceship,,,28/09/2026 20:35
7d2f14c5-0c2b-4c8f-afe1-85f33b9f0cd6,catti.sh,available,34.98,76.98,medium,low,7,namecheap,,,10/08/2026 07:28
f372a360-8776-4adb-8935-dcc4779e4b1e,limest.one,premium,1107,1107,high,low,9,namesilo,,,
b9138eef-9bd6-4b87-ae7c-877b31ec7fd5,flavorso.me,available,9.99,19.99,high,low,10,namesilo,,,18/08/2026 07:12
5b183bab-3892-413e-b4b3-1644300711d7,strapp.ing,premium,187.5,187.5,high,low,9,name.com,,,09/08/2026 08:02
7a39fcd2-329b-4d56-b157-f0f0408092a5,cernuo.us,available,5.49,7.99,medium,low,8,namesilo,,,12/08/2026 00:44
5cab00a9-c810-4300-8286-af67eabc711d,tempt.ing,premium,455,455,high,low,8,namecheap,,,22/09/2026 01:44
8133bc57-67cc-449c-ac96-636c9faebafd,gap.ing,premium,3900,3900,high,low,6,namecheap,,,04/09/2026 16:17
cf225dd9-9491-4c14-8320-d1445ac6788f,pass.ing,premium,13000,13000,high,low,7,namecheap,,,27/09/2026 02:49
8d55bd42-9e0b-499f-850a-8ea508c7cc49,persh.ing,premium,195,195,high,high,8,namecheap,,,24/09/2026 00:56
26ab3b96-5025-458a-9b90-dce8e50d168a,travell.ing,premium,1625,,high,low,10,name.com,,,
ef7ea82d-7102-4c46-a6d1-70644faa8c34,plu.my,premium,474.05,677.21,medium,low,5,name.com,,,18/08/2026 00:25
5383822b-7416-4df8-b73f-a9e336aad19b,redbru.sh,available,39.99,47.99,medium,low,8,namesilo,,,18/09/2026 19:44
2bf52092-b8eb-4b56-b727-1e1151aa93bf,pip.ing,premium,3900,3900,high,low,6,namecheap,,,13/09/2026 13:22
34e0cc9b-c47b-4393-9739-ca2c11f80394,fi.red,premium,1107,1107,high,low,5,namesilo,,,24/09/2026 11:05
4fa07a71-e5ce-4428-94e8-fe0ac85a9ef2,tickl.ing,premium,195,195,high,low,8,namecheap,,,11/09/2026 15:27
4ebec5b8-3231-4101-bc47-4b673090ebed,agapanth.us,available,5.49,7.99,high,low,10,namesilo,,,17/09/2026 16:11
a2ed87f2-9852-4892-ab9f-27f20dfc4b88,chok.ing,premium,195,195,medium,low,7,namecheap,,,24/09/2026 14:44
85b0ca83-714c-486c-8d78-fddd5a362f49,caddi.sh,available,34.98,76.98,low,low,7,namecheap,,,11/08/2026 12:43
7489554e-06d3-4a98-b47f-5722b41fa98e,f.lat,premium,2660,2660,high,low,4,namesilo,,,21/09/2026 12:19
75bf5d56-314f-4de8-bff3-4550ebd505d4,scriab.in,available,7.95,7.95,medium,low,8,namesilo,,,18/09/2026 05:07
b8c5f8b0-129a-41df-babe-bb4d567a7e6b,bootilicio.us,available,,,high,high,12,,,,
83f0e634-1147-4d6c-a03e-e6e40aca3498,weaken.ing,available,18.99,18.99,medium,low,9,name.com,,,13/08/2026 20:44
bc6e8314-ddb8-4dc5-8963-7741d6ee2e3d,unfette.red,available,9.48,28.48,medium,low,10,namecheap,,,12/09/2026 04:56
4d6025d2-4c0e-4796-8f8d-d58f81b8667b,reason.ing,premium,12500,12500,high,low,9,name.com,,,25/09/2026 10:15
2ba57b6c-221d-4d05-af1e-3f3845e56601,contral.to,available,39.98,39.98,medium,low,9,namecheap,,,
cfd8cf7e-5325-44ef-b7ba-14b67a051cef,grudg.ing,available,12.98,16.98,medium,low,8,namecheap,,,20/08/2026 20:31
5bc5fbeb-f766-4102-b78e-3a4d8f18a51f,orda.in,resell,,,high,low,6,Hosting Concepts B.V. dba Openprovider,27/01/2022 20:00,27/01/2027 20:00,26/09/2026 07:56
88ee708f-4fe7-444b-aa70-61657c1fc8bf,hid.ing,premium,3900,3900,medium,low,6,namecheap,,,26/09/2026 03:17
b0cffef3-6d62-4a10-8efd-5e54c82bb321,empower.ing,premium,3750,,high,low,10,name.com,,,
2a47c67e-3666-40b5-876d-bf5bc24682f5,unwitt.ing,available,12.98,16.98,medium,low,9,namecheap,,,12/09/2026 14:24
03c7740b-847b-4e70-afb7-aba60d213a61,advantageo.us,available,5.49,7.99,high,high,12,namesilo,,,26/09/2026 01:24
118ef1aa-c702-4538-8638-10d117c5f2e3,zymo.id,premium,212.48,20.06,medium,low,6,namesilo,,,13/09/2026 15:55
9fbb8ac9-97d6-4ce6-b970-9837079d2f1e,yellowi.sh,available,34.98,76.98,high,low,9,namecheap,,,13/09/2026 13:59
d405b478-738a-47f9-ad48-d0073176c47c,do.ing,premium,130000,130000,high,low,5,namecheap,,,25/09/2026 11:30
ac38c00e-b4ff-4e3e-aebb-d6f7d2147883,worldl.ing,available,12.98,16.98,medium,low,9,namecheap,,,11/09/2026 10:47
346d34b0-b35a-4de8-b326-2d442e9bec30,tricusp.id,available,22.98,25.98,medium,low,9,namecheap,,,11/09/2026 19:29
c203e9a7-db6a-4d32-ad2d-e25f174c868f,crino.id,available,14.19,20.75,medium,low,7,namesilo,,,13/08/2026 06:58
bc32a191-110d-4912-a8ba-97aec821c006,joyo.us,resell,,,high,low,6,"Spaceship, Inc.",09/12/2024 00:00,09/12/2026 00:00,26/09/2026 07:02
824f4b29-62fd-49f5-8e6f-3b5354d5bd05,leas.ing,premium,13000,13000,high,low,7,namecheap,,,27/09/2026 06:38
9172a79d-3506-44e6-87c9-47e57d28a157,reek.ing,available,12.98,16.98,high,medium,7,namecheap,,,09/09/2026 12:32
9120c9fe-7f58-40ea-9b76-730af57bab3c,programm.ing,premium,1345.7,1345.7,high,low,11,spaceship,,,28/09/2026 12:38
8a4ff568-1dd7-4d52-9c6e-665b67d839d4,remembe.red,resell,,,high,low,10,"Sav.com, LLC - 10",03/12/2025 15:15,03/12/2026 15:15,26/09/2026 08:35
c7d1e2ff-a772-49b1-bc39-39d4377d6430,ventol.in,available,9.98,11.98,medium,low,8,namecheap,,,18/09/2026 03:33
d02cf3e9-f425-4ef0-83b7-969969400944,plac.id,resell,,,high,low,6,PT Jagat Informasi Solusi (int),02/12/2022 10:43,02/12/2026 23:59,26/09/2026 08:11
f9d6c534-5c11-4fb7-8717-01f7b68d8581,gui.dance,resell,,,high,low,8,"GoDaddy.com, LLC",25/03/2017 08:54,25/03/2027 08:54,28/09/2026 09:56
1f7f10b4-aaa9-4f32-af9f-da99733d7c63,up.town,resell,,,high,low,6,1API GmbH,10/09/2015 16:00,10/09/2027 16:00,26/09/2026 09:54
e0773e00-e190-4359-bd48-88626ca1635a,wrestl.ing,premium,3750,,high,low,9,name.com,,,
b4cb7b8e-e2fc-48a1-ba6b-84c01991a8b5,semisol.id,available,14.19,20.75,medium,low,9,namesilo,,,10/09/2026 03:26
91acd027-beb7-418a-8e79-37a7212a4e1c,annelido.us,available,,,high,high,10,,,,
b4930a77-b697-4839-a47a-98ace104764b,slipp.ing,premium,117,117,medium,low,8,namecheap,,,10/09/2026 11:05
ade04e19-8d10-4c18-b180-3104e7732d2f,rheni.sh,available,34.98,76.98,medium,low,7,namecheap,,,09/09/2026 16:29
31befa1f-1c69-4835-9753-fb8e4fec23ae,recur.rent,resell,,,high,low,9,Porkbun LLC,09/01/2022 14:12,09/01/2027 23:59,26/09/2026 08:32
d64e4ebe-0dd6-4178-a2ee-f2aef31a2f27,undesi.red,available,9.48,28.48,medium,low,9,namecheap,,,12/09/2026 07:49
357881c0-504c-4eae-b293-c08f5be06f6c,swinge.ing,available,12.98,16.98,medium,low,9,namecheap,,,11/09/2026 05:48
79f94478-b532-4aca-9f5d-8096b7b5948d,putt.ing,premium,12500,12500,high,low,7,name.com,,,25/09/2026 10:11
076361b5-0b2f-495b-9f37-ed8cc3b65b7a,st.rip,premium,1107,1107,high,low,5,namesilo,,,24/09/2026 05:53
e82778ec-e7a8-4e70-be84-b79850b0b677,boh.me,resell,,,high,low,5,"GoDaddy.com, LLC",22/12/2013 02:35,22/12/2026 02:35,26/09/2026 04:31
d3dab2e0-2ad0-4173-9160-b27ce4bd2e17,meerk.at,available,,,high,high,7,,,,
d8944e7e-7d7e-452c-af10-eac6c1f0a14d,lowb.red,available,22.19,23.49,low,low,7,namesilo,,,10/08/2026 22:02
5c92b79a-5c8d-4042-9264-c57f8aaef268,morn.ing,premium,12500,,high,low,7,name.com,,,28/09/2026 01:56
8d5e0f64-9d7d-453d-b26e-41506b8b8b49,enchant.ing,premium,437.5,437.5,medium,low,10,name.com,,,21/08/2026 07:46
4f70060d-8b57-4557-af16-c2dae7f59e5c,nonblasphemo.us,available,,,medium,low,14,,,,
b830c260-a464-4a7b-a263-aa7b7a0c7707,ribh.us,available,,,high,high,6,,,,
3255f33c-ccbe-4fa1-bc55-c4d7d1548ee7,misgiv.ing,available,12.98,16.98,medium,low,9,namecheap,,,24/09/2026 23:11
148f1ef4-1ef0-4df7-bef0-295fe0c22ef7,mar.red,premium,85.8,85.8,medium,low,6,namecheap,,,24/09/2026 05:35
8328006c-86b4-4f6d-8a9a-30ef7fef1bf1,humano.id,resell,,,high,medium,8,PT Digital Registra Indonesia,15/01/2026 01:17,15/01/2027 23:59,26/09/2026 06:45
4487be80-526c-4779-a770-68a35a7e92e8,nons.top,resell,,,high,low,7,"NameSilo,LLC",17/11/2014 21:14,17/11/2026 21:14,26/09/2026 07:48
da27802a-8ef5-421f-a756-ddaa839d0383,visit.ing,premium,39000,39000,high,low,8,namecheap,,,24/09/2026 13:53
901ca2fe-6423-44bd-8e13-63b7a4445a3d,zoom.ing,premium,3750,,high,medium,7,name.com,,,28/09/2026 15:12
fef933a5-d2e9-4520-8883-c59feb79e89e,shock.ing,premium,3900,3900,medium,low,8,namecheap,,,24/09/2026 11:12
025672be-9230-4ecc-a86e-04c7d0a9a57f,acino.us,resell,,,medium,low,7,"Spaceship, Inc.",01/04/2026 14:57,01/04/2027 14:57,26/09/2026 01:21
d9e4927d-3e1c-4c1f-a443-041eaf1a9b1a,smuggl.ing,premium,90.2,,medium,low,9,unstoppable,,,28/09/2026 15:22